year_month,order_placed_tm,id,user_id,revenue,pcba_revenue,parts_revenue,other_revenue,units_ordered,is_bare_pcb,is_pcba,is_domestic,is_international,is_first_time_purchase,is_repeat_purchase,parts_per_unit,unique_parts_per_unit,board_area,seconds_since_user_registered,is_4layer_pcb,is_2layer_pcb
2016-04,1460057185,9a027b68-60d3-4850-9e1a-087d926ee046,c901da77-907f-4d52-a155-dac61c189c0a,149.76,38.41,101.36,9.99,6,0,1,1,0,1,0,26,18,0.800236931,919389,0,1
2016-04,1461169291,74c61157-2798-4d55-8cc7-cf002f0b64e2,bb0e2781-1dbd-437d-86f8-5ac01ec6ed0e,248.11,156.12,82,9.99,6,0,1,1,0,1,0,40,18,3.252701038,763997,0,1
2016-05,1462570079,12e26dd5-0791-40c8-bfb8-0088fdbf6091,dcfcdf1d-300f-4279-835d-04cd2ad482df,6,6,0,0,6,1,0,1,0,1,0,0,0,0.353416222,293,0,1
2016-05,1462755642,5d5b8f67-d0e2-4ba5-9938-e466f8b74cba,133f3b30-6bae-4b3e-9d42-33b5ed191b5e,40.61,40.61,0,0,6,1,0,1,0,1,0,0,0,6.769499999,2081031,0,1
2016-05,1462813027,268da573-7d8c-4a75-a083-d54f11daaf20,d154e281-a94b-4102-8dc1-b5cd58d856a3,209.06,80.35,134.78,-6.07,6,0,1,1,0,1,0,49,32,1.115993325,3456768,0,1
2016-05,1462877534,c116b96b-fd37-41fe-a4e5-ad18f7bf2bbe,8d9885b1-bbad-4d9d-b5b9-87e7f62d5ace,33.85,33.85,0,0,6,1,0,1,0,1,0,0,0,5.642055117,2509157,0,1
2016-05,1462898588,abc8e17d-b1bc-4e5e-8432-c47a0e6d9215,3daad2f8-f1a2-4783-9ab1-039d1ab9fab8,14.45,14.45,0,0,6,1,0,1,0,1,0,0,0,2.408700486,3637102,0,1
2016-05,1463502959,979664f7-75ce-4a78-a4d2-e65f9c4a3785,d154e281-a94b-4102-8dc1-b5cd58d856a3,13.35,13.35,0,0,6,1,0,1,0,0,1,0,0,2.226250759,4146700,0,1
2016-05,1463742049,4e901cc9-b116-4413-97bb-6bd785b13d4e,92565f5e-c5aa-4574-bb66-1908923e53a9,38.73,38.73,0,0,6,1,0,1,0,1,0,0,0,6.455808329,324,0,1
2016-05,1463871535,15bb617f-9c1d-402c-be40-b7519963401f,34f88a6d-d16a-4c07-96ab-5f6bec263e61,36.59,36.59,0,0,6,1,0,1,0,1,0,0,0,6.098649807,10699,0,1
2016-05,1463930692,799d3c7f-0371-4949-a274-30e42e7e92e7,9d59e9ca-f5be-4618-ae05-da87410797ef,6,6,0,0,6,1,0,1,0,1,0,0,0,0.969144906,75686,0,1
2016-05,1464029529,9595f140-66d8-41f8-8963-4a78bd779ff0,c5eff939-baef-4824-81da-489e25cbb5c2,10.61,10.61,0,0,6,1,0,1,0,1,0,0,0,1.769080213,1252,0,1
2016-05,1464029911,84e2d99b-cfea-4ade-8f11-a3dce35bfb27,c5eff939-baef-4824-81da-489e25cbb5c2,27.39,27.39,0,0,6,1,0,1,0,0,1,0,0,4.565732905,1634,0,1
2016-05,1464089255,2b732e24-96a8-4ce4-aff2-e027a88fb8b7,bb57ef74-adf9-49d2-9a04-1f0a71af31ba,10.29,10.29,0,0,6,1,0,1,0,1,0,0,0,1.715979522,44897,0,1
2016-05,1464195380,b35d34b3-fd81-4be1-b83f-978b14429b74,d154e281-a94b-4102-8dc1-b5cd58d856a3,8.32,7.64,0,0.68,6,1,0,1,0,0,1,0,0,1.273836035,4839121,0,1
2016-05,1464229967,ec387920-2725-4816-a5d7-cc1faf942545,b2587630-13fd-4d1d-a981-083b34894a87,6,6,0,0,6,1,0,1,0,1,0,0,0,0.926464022,43055,0,1
2016-05,1464231960,0dffa02f-c72c-4a5d-9780-b0dbb736c4fe,662f710a-f912-460d-9f67-54c8c0d33867,6,6,0,0,6,1,0,1,0,1,0,0,0,0.396900981,31945,0,1
2016-05,1464272660,63119405-d161-4d02-9548-01c6b026fea3,b733f37b-4e9f-4537-bdf6-2954c978dc02,23.45,21.81,0,1.64,6,1,0,1,0,1,0,0,0,3.636535753,171230,0,1
2016-05,1464292543,00a3694b-b1e1-435e-a0d0-e9bcc7205daa,1a10d160-8adf-45aa-9a78-054b6d0b3126,19.61,18.16,0,1.45,6,1,0,1,0,1,0,0,0,3.026974542,189602,0,1
2016-05,1464448850,983258d7-b8c3-4c9e-9e0d-8bfbcb8c3837,feaa4d50-e22d-4976-8dc9-badd5868ca42,12,12,0,0,6,1,0,1,0,1,0,0,0,2.000475133,684819,0,1
2016-05,1464470220,49de5e62-2e06-46b6-8468-f576a6f96b72,235d8c7c-f8c0-4e72-91a5-fe19e286fed2,18.22,18.22,0,0,6,1,0,1,0,1,0,0,0,3.037719833,347825,0,1
2016-05,1464630727,631510b0-ba84-4fba-9db4-0764d1259367,216dcb07-cbe8-4d18-8434-47bd49842cb2,16.54,11.54,0,5,6,1,0,0,1,1,0,0,0,1.924049966,419221,0,1
2016-06,1464791248,0b1737b2-cda2-41bd-8810-23136085f839,3d92e6ec-fbd4-46cc-8f13-106b0b6cfaa3,13.01,13.01,0,0,6,1,0,1,0,1,0,0,0,2.169292309,906643,0,1
2016-06,1464895100,98383191-e70f-4fc0-a4b3-35526f901902,eb3ea9aa-77a2-4bce-916d-e138a90649eb,6.75,6.75,0,0,6,1,0,1,0,1,0,0,0,1.125081965,96150,0,1
2016-06,1464943655,ff394e9a-852f-4c5f-a92c-abbf29f7ea0f,3d92e6ec-fbd4-46cc-8f13-106b0b6cfaa3,6.13,6.13,0,0,6,1,0,1,0,0,1,0,0,1.022649627,1059050,0,1
2016-06,1464962388,7fa3dc45-3310-400c-873a-e4532da59eb0,2dadee4e-9bc0-40b6-9215-a8ecc7946564,6.07,6.07,0,0,6,1,0,1,0,1,0,0,0,1.011845385,60457,0,1
2016-06,1465080965,f2effcc1-1a16-4d60-99c2-f7187f53d61d,991174c0-c075-4d56-8c60-0572e6c69cc3,85.27,48,22.27,15,6,0,1,0,1,1,0,5,4,0.250349708,961491,0,1
2016-06,1465086666,05384c90-1101-4e12-b006-da3d7d09bc1c,5d5528b3-7768-49da-a32b-099324eff032,18.28,13.28,0,5,6,1,0,0,1,1,0,0,0,2.214520486,175314,0,1
2016-06,1465183572,9f4d4b37-9e9a-4afb-8542-554d1d8c9077,5d5528b3-7768-49da-a32b-099324eff032,188.84,103,70.84,15,6,0,1,0,1,0,1,35,14,1.430660886,272220,0,1
2016-06,1465195993,bc0b49cf-90dd-4bad-a540-cd895fc2d1d7,11922881-e751-4866-80a8-36736b6749d8,6,6,0,0,6,1,0,1,0,1,0,0,0,0.978079961,5901216,0,1
2016-06,1465241795,432efc08-2bbd-43f2-bd1a-8326f5b915d3,3faa1204-c53d-4417-930d-5ea6afe1d08c,139.3,88.61,35.69,15,6,0,1,0,1,1,0,14,14,1.846135236,951155,0,1
2016-06,1465252337,3f426aeb-7698-4906-8285-dd15a3009c64,c901da77-907f-4d52-a155-dac61c189c0a,169.55,48,111.56,9.99,6,0,1,1,0,0,1,27,19,0.939117183,6114541,0,1
2016-06,1465252736,ffac0d50-84d1-45e0-a8da-902b882fa67b,133f3b30-6bae-4b3e-9d42-33b5ed191b5e,40.61,40.61,0,0,6,1,0,1,0,0,1,0,0,6.769499999,4578125,0,1
2016-06,1465307832,b8d852fd-5a17-46f9-87cd-5664634e7807,f26eb537-a8d5-40c8-bc8d-e5d233f7d6c9,13.57,10.7,0,2.87,6,1,0,0,1,1,0,0,0,1.784811363,340724,0,1
2016-06,1465332433,851afe1b-5697-492f-8e12-c14c6ec9c2cb,4e28782a-e908-41c5-a3d0-1e772e746d05,329.36,197.44,121.93,9.99,6,0,1,1,0,1,0,48,24,4.113486865,662331,0,1
2016-06,1465496711,7d497aea-42b0-4300-acb0-17b0962d7005,ef49a078-8f3b-4fd3-a7eb-c30bfe803909,191.65,95.41,86.25,9.99,6,0,1,1,0,1,0,32,13,1.987846868,43884,0,1
2016-06,1465704239,19a06a15-93a8-4579-bb27-4c152d74428f,29099b34-5a16-4a94-9c7c-b04b2abf2857,6,6,0,0,6,1,0,1,0,1,0,0,0,0.553377119,1948407,0,1
2016-06,1465752448,2625cef4-4df6-4c37-b71f-37bf11534e1f,8d9885b1-bbad-4d9d-b5b9-87e7f62d5ace,17.91,16.49,0,1.42,6,1,0,1,0,0,1,0,0,2.74911512,5384071,0,1
2016-06,1465879406,bd025837-dbf1-4f00-8f06-a175755fd666,2fbe6d50-93d5-419b-beac-a32a3bd81664,197.27,104.15,83.13,9.99,6,0,1,1,0,1,0,48,19,2.169809027,2050241,1,0
2016-06,1465918777,365742fa-09dd-4f55-a3b4-221a2e78f76f,bac6a87e-a739-4c98-96a8-8363b2aedfbe,34,34,0,0,6,1,0,1,0,1,0,0,0,5.668278963,1669481,0,1
2016-06,1465995652,16100d11-5d2c-46f5-a39f-2666cdc26a52,225cdac5-5515-4269-8b32-28f86dde4af9,77.24,48,19.25,9.99,6,0,1,1,0,1,0,7,6,0.646355816,1881663,0,1
2016-06,1466230209,991c05e9-8458-4745-bc7d-31c9f1636548,ef49a078-8f3b-4fd3-a7eb-c30bfe803909,70.27,48,12.28,9.99,6,0,1,1,0,0,1,6,5,0.184840592,777382,0,1
2016-06,1466280118,b6428d96-21cc-4209-a00b-93b08ee7cc66,bd07718b-c449-4160-8ef0-b48ae9cd353e,10.33,10.33,0,0,6,1,0,1,0,1,0,0,0,1.722695972,1998026,0,1
2016-06,1466339972,f8e26931-de23-4124-b1ba-60e1d37e9a04,75812f55-7714-49f2-820f-f4a0b8568f6f,11.2,6.2,0,5,6,1,0,0,1,1,0,0,0,1.033515004,1926032,0,1
2016-06,1466373863,324e75b3-3944-408a-90f4-f8200d65eaa9,7e69b4eb-7b2b-4673-b830-4dcd194d5789,13.36,13.36,0,0,6,1,0,1,0,1,0,0,0,2.226780073,2311370,0,1
2016-06,1466477216,5bae7de1-ea0c-4d5d-83e2-0a4163fb0daa,44b84f59-d7cf-42b8-926c-df0fdece2a37,48.99,48.99,0,0,6,1,0,1,0,1,0,0,0,8.165199647,1087,0,1
2016-06,1466477783,bb03e92e-9321-4942-8e71-7da4f2239efa,44b84f59-d7cf-42b8-926c-df0fdece2a37,35.82,35.82,0,0,18,1,0,1,0,0,1,0,0,1.990000026,1654,0,1
2016-06,1466540378,c61c3eed-ae0d-41f5-a864-c65fca96bda4,225cdac5-5515-4269-8b32-28f86dde4af9,403.3,290.35,102.96,9.99,6,0,1,1,0,0,1,37,19,6.049121678,2426389,0,1
2016-06,1466702544,030e941f-f9f0-44f2-87ea-574e74ba1420,008a7067-6ed5-4b85-9c4b-222ecd71ca71,64.52,64.52,0,0,12,1,0,1,0,1,0,0,0,5.377286312,221594,0,1
2016-06,1466795265,4c29399c-7fae-4c28-accf-9d2e8e7fd6f1,4e56ae86-4c83-41c6-b6fa-6ffea8caa11e,120.89,73.27,37.63,9.99,6,0,1,1,0,1,0,16,10,1.017684003,402290,0,1
2016-06,1466797908,8f579492-1a51-4139-95ae-b4784ed6de1f,022a2784-773b-4a74-9f5b-1416eed3cc8e,12,12,0,0,12,1,0,1,0,1,0,0,0,0.315844013,11320,0,1
2016-06,1467216763,96b76297-9b99-4f87-a072-9948b90b83e4,022a2784-773b-4a74-9f5b-1416eed3cc8e,102,102,0,0,102,1,0,1,0,0,1,0,0,0.315844013,430175,0,1
2016-06,1467316480,5a429855-8ce9-49cd-a16c-d6576d53c833,216dcb07-cbe8-4d18-8434-47bd49842cb2,17.18,12.18,0,5,6,1,0,0,1,0,1,0,0,2.03009998,3104974,0,1
2016-07,1467362124,5aa83191-af46-430c-b36f-3e4be562b1ed,94bff570-45f1-4ced-9918-408bc7ec6133,11,6,0,5,6,1,0,0,1,1,0,0,0,0.615243242,342,0,1
2016-07,1467397433,04f74fab-674c-4022-9978-f401e4dea07a,d60e1135-3b13-4dab-9355-c869d9ba53db,548.31,306.75,231.57,9.99,6,0,1,1,0,1,0,76,16,6.390769715,3647072,0,1
2016-07,1467521371,6cd8a89f-148c-41a8-bdf3-b2c9df2ad063,dcb1bb85-a925-485c-9392-a8ec53d36792,36.3,36.3,0,0,6,1,0,1,0,1,0,0,0,6.051368247,4270375,0,1
2016-07,1467734975,6ec8d513-eb58-4cb4-b9a1-fb738fa43ea0,861f2fbd-1478-4880-bc00-78a6fc33224b,46.8,58.5,0,-11.7,12,1,0,1,0,1,0,0,0,4.875264298,36890,0,1
2016-07,1467748994,7c1f3830-8fb2-4f7e-852b-308d2c5e77c1,aa45fc43-f857-444f-b270-dbf548c9b0f0,27.43,27.43,0,0,6,1,0,1,0,1,0,0,0,4.573000055,3439083,0,1
2016-07,1467818577,68e8711a-1d77-4cd5-b928-04252d164015,cd571c09-cbbe-440f-adda-140ac8bc04ec,348.92,119.71,219.22,9.99,6,0,1,1,0,1,0,63,33,2.493974268,1975992,1,0
2016-07,1467837698,d71d1294-7042-4874-99be-a5620809fc66,225cdac5-5515-4269-8b32-28f86dde4af9,403.29,290.35,102.95,9.99,6,0,1,1,0,0,1,37,19,6.049121678,3723709,0,1
2016-07,1467958300,c1719a8e-0987-405b-8eff-acbd17a8e629,9acce2b8-525a-4430-beab-064aec8e4f02,10.29,10.29,0,0,6,1,0,1,0,1,0,0,0,1.715714177,464740,0,1
2016-07,1468006599,c75ca6f8-a58a-4225-b7b4-807e684fcdb6,127753e9-08ff-4449-93f1-30844ade8a31,79.06,74.06,0,5,12,1,0,0,1,1,0,0,0,6.172420475,418,0,1
2016-07,1468015689,dfaeeb96-c1d2-4dbd-a43f-0fffb8d90820,008a7067-6ed5-4b85-9c4b-222ecd71ca71,905.43,688.09,207.35,9.99,6,0,1,1,0,0,1,110,39,9.55686981,1534739,1,0
2016-07,1468019360,d3604e22-2aa4-40b7-917e-67fc774c9491,127753e9-08ff-4449-93f1-30844ade8a31,321.94,208.74,98.2,15,18,0,1,0,1,0,1,13,9,1.449594385,13179,0,1
2016-07,1468083208,7ce1c3a2-c0a9-4f33-bfe1-5dfa1a5751e5,c0142034-f4de-4f4e-8058-8ff47258a036,118.79,91.31,12.48,15,6,0,1,0,1,1,0,13,8,1.902447784,3942182,0,1
2016-07,1468188449,6aedbc9b-76eb-4182-b228-bc0c10e16296,5545beab-3801-4008-8ccc-c5b58d803e13,34.45,31.9,0,2.55,6,1,0,1,0,1,0,0,0,5.317947376,1890334,0,1
2016-07,1468241912,39a9bf66-c21b-4e06-9fff-93a8a70234a0,34b43abf-bc7b-45ee-9529-9ea04652065a,51.94,51.94,0,0,12,1,0,1,0,1,0,0,0,4.329150401,3025888,0,1
2016-07,1468610580,4056ab4f-c775-4fdc-a43c-aa69ab7a773a,feaa4d50-e22d-4976-8dc9-badd5868ca42,9.49,9.49,0,0,6,1,0,1,0,0,1,0,0,1.582246737,4846549,0,1
2016-07,1468611354,9ca7f364-78e7-498d-b3f9-02fd2c9e1d68,feaa4d50-e22d-4976-8dc9-badd5868ca42,6,6,0,0,6,1,0,1,0,0,1,0,0,0.59210487,4847323,0,1
2016-07,1468684176,0efdc6ec-1fc5-4b35-98ff-8620a82dff9d,5676491e-e93c-4038-984e-fbf4f70d7563,22.94,22.94,0,0,6,1,0,1,0,1,0,0,0,3.824026208,136070,0,1
2016-07,1468887157,233f6969-afe2-4194-a2f4-1788b1b1e1a1,127753e9-08ff-4449-93f1-30844ade8a31,23.42,18.42,0,5,6,1,0,0,1,0,1,0,0,3.070399449,880976,0,1
2016-07,1468887348,f58d0efb-6684-43dc-bf83-872bb05077a6,127753e9-08ff-4449-93f1-30844ade8a31,69.02,64.02,0,5,6,1,0,0,1,0,1,0,0,10.6704003,881167,0,1
2016-07,1468967839,16774ae2-de81-4eea-ba7d-00092536cd1a,beb19b57-278f-4293-aafc-be60b7e45ae3,289.78,173.05,106.74,9.99,6,0,1,1,0,1,0,27,18,2.40355807,357712,0,1
2016-07,1469039464,8e619967-1f6a-43dd-9ef7-ab79d3cc4748,159565df-ff88-450a-ab91-b50954b24870,447.35,73.39,363.97,9.99,6,0,1,1,0,1,0,88,42,1.019389129,4065342,1,0
2016-07,1469125965,7261a348-0824-4982-bb7b-2222b3ce5d7b,fe7ee463-0055-42e4-a9c8-b754996635f7,105.4,48,47.41,9.99,6,0,1,1,0,1,0,10,5,0.787724954,3554169,0,1
2016-07,1469392406,5dbf36d2-7308-4f29-b405-73f7f2d876a1,f993c1d3-a81e-46da-ac7a-38dd3578d9ee,9.44,9.44,0,0,6,1,0,1,0,1,0,0,0,1.574798819,783515,0,1
2016-07,1469458670,e4b01e8b-e343-4e15-98ae-d98cbb1f181b,861f2fbd-1478-4880-bc00-78a6fc33224b,259.22,139.49,109.74,9.99,12,0,1,1,0,0,1,17,13,1.453024914,1760585,0,1
2016-07,1469579610,de2d1532-d428-445c-a813-1a0a854e495a,036bb865-6318-471e-94bb-5d9abd0534f4,13.4,13.4,0,0,12,1,0,1,0,1,0,0,0,1.117259655,1015,0,1
2016-07,1469752874,5b643c1e-168b-4173-ad68-b7f56f1277d6,008a7067-6ed5-4b85-9c4b-222ecd71ca71,50.36,50.36,0,0,18,1,0,1,0,0,1,0,0,2.798166393,3271924,0,1
2016-07,1469771902,0d5fbe17-38a7-497f-a432-e3bfb0621ad1,2dea394a-9f95-4135-8e80-1ffc8a85e900,240.32,104.26,126.07,9.99,6,0,1,1,0,1,0,51,29,2.172235278,199502,0,1
2016-07,1469810898,9d2333cf-6c24-443a-906f-2ba8c31c9a4f,d88b03b6-7a75-414e-a59f-e0c785331b77,62.6,49.5,8.06,5.04,6,0,1,1,0,1,0,11,6,1.031367935,3019630,0,1
2016-08,1470032266,fc65ed56-63ac-449a-8ca8-ba574d2967d1,f1fc3dd2-3427-4605-b495-663f147d6b3b,28.07,28.07,0,0,6,1,0,1,0,1,0,0,0,4.679142452,6100261,0,1
2016-08,1470133038,be4f5394-cad4-43b0-9d85-1998461ebbf1,c901da77-907f-4d52-a155-dac61c189c0a,318.83,183.83,125.01,9.99,6,0,1,1,0,0,1,30,20,2.553318375,10995242,0,1
2016-08,1470199200,8ef359af-0fe0-4777-a06f-549ac8c718ee,585237d5-0e09-4d15-8bee-60e02d375baf,96.54,48.75,37.8,9.99,6,0,1,1,0,1,0,11,8,1.015802128,5664746,0,1
2016-08,1470263521,3438df63-0f9b-4bb4-970f-79e5dcaef675,966ff3ef-1a85-4d23-89d9-4a25f2eea1af,409.49,317.2,82.3,9.99,6,0,1,1,0,1,0,23,14,6.608454493,20208,1,0
2016-08,1470458290,3068b647-157a-4f7e-b4b9-c66fc799e1d1,585237d5-0e09-4d15-8bee-60e02d375baf,211.64,48.75,152.9,9.99,6,0,1,1,0,0,1,15,12,1.015802128,5923836,0,1
2016-08,1470687466,28a5e7a6-99d1-4ddf-97db-fc927c8d9130,dd9f5d3a-33de-4103-981e-57569cd7a0e6,38.7,38.7,0,0,6,1,0,1,0,1,0,0,0,6.450775125,6307299,0,1
2016-08,1470697730,97ab358f-2053-48de-813f-fc2d2da3b8f4,966ff3ef-1a85-4d23-89d9-4a25f2eea1af,365.94,317.97,37.98,9.99,6,0,1,1,0,0,1,12,11,6.624514988,454417,1,0
2016-08,1470768175,0e166187-d387-4eaa-ac87-6ab34d901418,966ff3ef-1a85-4d23-89d9-4a25f2eea1af,1609.56,1197.62,401.95,9.99,24,0,1,1,0,0,1,100,35,6.23763475,524862,1,0
2016-08,1470845902,727c8f01-7d91-478d-b77a-0b7c4fbdce53,d154e281-a94b-4102-8dc1-b5cd58d856a3,6.65,6.11,0,0.54,6,1,0,1,0,0,1,0,0,1.019783628,11489643,0,1
2016-08,1470942311,ccfa40c9-2a23-40f7-be5f-a8a90c249fe2,51732e66-c0db-44b4-98ce-ed436225658b,7.46,7.46,0,0,6,1,0,1,0,1,0,0,0,1.244160015,1510,0,1
2016-08,1470980731,388430d0-2de1-4a81-87da-ba504df8f548,d878f4aa-f75e-4081-917b-5b30907a1815,7.21,7.21,0,0,6,1,0,1,0,1,0,0,0,1.202601326,5985359,0,1
2016-08,1471285759,21df12dd-c6d2-47ad-9178-c67011f6e187,1f329e9d-483d-4272-a39f-c166bff99ced,33.85,33.85,0,0,6,1,0,1,0,1,0,0,0,5.642036762,1573558,0,1
2016-08,1471291940,f11211e0-f983-4e0c-834a-545c7a022943,5bdc0875-31cc-40fe-bb19-55fa088e84bf,120.61,77.07,33.55,9.99,6,0,1,1,0,1,0,16,7,1.605687594,10625340,0,1
2016-08,1471367923,2b5f1425-107a-4380-bcde-be7d26adb30c,51732e66-c0db-44b4-98ce-ed436225658b,6,6,0,0,6,1,0,1,0,0,1,0,0,0.745840734,427122,0,1
2016-08,1471371978,e0d5471d-2744-47b0-88b6-2a1dc2301b1b,9c9eb9c9-8032-4b7f-9950-524cbd53f901,107.34,48,39.79,19.55,6,0,1,1,0,1,0,19,14,0.965134017,4980572,0,1
2016-08,1471470135,a54ecd29-a41c-479e-baa6-618a7c662a53,b6cd6c69-8950-4070-bf2d-1c0aa33971a3,111.56,102.7,0,8.86,6,1,0,1,0,1,0,0,0,17.11784168,774839,0,1
2016-08,1471494629,1691a716-12f6-49e9-babb-495a29f410fe,970d7e7d-aec5-496a-92b8-ffa9d984dc02,97.41,72,15.42,9.99,6,0,1,1,0,1,0,22,4,0.342726001,27803,1,0
2016-08,1471539579,9e35c488-fb10-4173-b689-5a3e3b9e37e9,d88b03b6-7a75-414e-a59f-e0c785331b77,1766.92,1344.75,412.18,9.99,18,0,1,1,0,0,1,85,36,9.338557847,4748311,1,0
2016-08,1471657592,83612744-0526-45e2-aa41-c780423b2300,c901da77-907f-4d52-a155-dac61c189c0a,320.88,183.83,127.06,9.99,6,0,1,1,0,0,1,34,21,2.553318375,12519796,0,1
2016-08,1471850900,ca168242-7009-4a69-8158-851dac7229e7,bac6a87e-a739-4c98-96a8-8363b2aedfbe,34,34,0,0,6,1,0,1,0,0,1,0,0,5.668297504,7601604,0,1
2016-08,1471906152,b2d7f3f0-cbff-4581-9e50-70958d10916c,92565f5e-c5aa-4574-bb66-1908923e53a9,157.91,157.91,0,0,24,1,0,1,0,0,1,0,0,6.57959485,8164427,0,1
2016-08,1472114755,4c7c07d5-2c90-4037-b6e4-f5ff04da6a1a,72047957-3049-4965-8ff9-3df2e5a7b422,443.48,406.58,21.9,15,18,0,1,0,1,1,0,23,8,2.823481049,44914,0,1
2016-08,1472141237,2be9288b-479d-4601-a22f-60bff0dc0b20,9c9eb9c9-8032-4b7f-9950-524cbd53f901,352.54,111.28,201.72,39.54,6,0,1,1,0,0,1,61,32,2.318445521,5749831,0,1
2016-08,1472148464,3e672c70-d6c7-47ee-ab77-3d581e6838df,db1c5618-8be3-456a-a800-4ec86e157525,415.53,179.86,190.99,44.68,6,0,1,1,0,1,0,18,12,2.498063778,13105006,0,1
2016-08,1472481594,3d96b837-4773-41e4-8cb8-4fe57251da1d,585237d5-0e09-4d15-8bee-60e02d375baf,241.14,109.31,121.84,9.99,6,0,1,1,0,0,1,45,26,2.277336319,7947140,1,0
2016-08,1472495750,d7bee4bc-1a18-4288-a9c3-83d894af3ce3,b6eccc45-1621-470c-9391-d6be231b3417,35.08,43.84,0,-8.76,6,1,0,1,0,1,0,0,0,7.307915424,8724188,0,1
2016-08,1472527804,1f4a3bbf-6438-4aa2-adf8-c9cdbb8f1bc5,9c9eb9c9-8032-4b7f-9950-524cbd53f901,106.96,48,39.44,19.52,6,0,1,1,0,0,1,19,14,0.965134017,6136398,0,1
2016-08,1472534543,80ca5252-c6b8-423a-bd82-1dd2c467413c,585237d5-0e09-4d15-8bee-60e02d375baf,73.64,48.75,14.9,9.99,6,0,1,1,0,0,1,7,5,1.015802128,8000089,0,1
2016-08,1472535739,1fa3a9aa-24bf-436a-a61e-50a340878737,585237d5-0e09-4d15-8bee-60e02d375baf,100.03,48.75,41.29,9.99,6,0,1,1,0,0,1,6,4,1.015802128,8001285,0,1
2016-09,1472761347,7beb0a1b-d899-431e-82d6-86ba651ca00a,d154e281-a94b-4102-8dc1-b5cd58d856a3,28.8,26.45,0,2.35,6,1,0,1,0,0,1,0,0,4.408857543,13405088,0,1
2016-09,1472764106,c2ad2057-13a8-4193-b1e9-b22215912851,9c9eb9c9-8032-4b7f-9950-524cbd53f901,417.61,111.28,261.48,44.85,6,0,1,1,0,0,1,73,37,2.318445521,6372700,0,1
2016-09,1473046458,4bd3c474-5654-4c16-8c0d-63393e85fc3c,c901da77-907f-4d52-a155-dac61c189c0a,313.64,183.83,119.82,9.99,6,0,1,1,0,0,1,34,21,2.553318375,13908662,0,1
2016-09,1473094558,384efdf5-8b63-496d-9433-60f25540c159,f8a916e7-1cf5-49c2-91b5-81c31d763964,9.28,8.52,0,0.76,6,1,0,1,0,1,0,0,0,1.420791748,12864780,0,1
2016-09,1473098630,42a2f354-79ce-434d-ab49-1ff573ed1a9c,a4d01717-1ea4-4c4c-b5e3-36df831d59f3,18.84,18.84,0,0,6,1,0,1,0,1,0,0,0,3.140725121,6830202,0,1
2016-09,1473180759,df001233-3622-4ae7-9b12-7ee9a8283b91,022a2784-773b-4a74-9f5b-1416eed3cc8e,624.06,384,230.07,9.99,48,0,1,1,0,0,1,24,13,0.899462303,6394171,0,1
2016-09,1473434586,97732e0c-e167-42b1-a368-a1e584d71e66,1f329e9d-483d-4272-a39f-c166bff99ced,596.75,480,106.76,9.99,60,0,1,1,0,0,1,15,7,0.719237921,3722385,0,1
2016-09,1473515046,d224f541-e9e4-4a72-a59b-b5241d1caf1f,970d7e7d-aec5-496a-92b8-ffa9d984dc02,102.61,72,20.62,9.99,6,0,1,1,0,0,1,29,7,0.342784231,2048220,1,0
2016-09,1473698689,d2590789-1c8e-4b27-8ead-2c407d988f8f,585237d5-0e09-4d15-8bee-60e02d375baf,144.41,48,86.42,9.99,6,0,1,1,0,0,1,27,19,0.873329747,9164235,1,0
2016-09,1473698722,9a8c3529-ee28-4da7-bc0a-0a7a5ca3b3fe,585237d5-0e09-4d15-8bee-60e02d375baf,158.76,48,100.77,9.99,6,0,1,1,0,0,1,40,22,0.951949072,9164268,1,0
2016-09,1473703956,1097af0b-0e96-4cd2-8649-69a07c2cf3b9,dd9f5d3a-33de-4103-981e-57569cd7a0e6,22.85,22.85,0,0,6,1,0,1,0,0,1,0,0,3.808879012,9323789,0,1
2016-09,1473708629,4f2513e2-92e0-4126-8326-5f7127c41272,8dd63176-bbb4-466f-87c5-8da9510fc3e3,398.69,235.47,153.23,9.99,6,0,1,1,0,1,0,37,21,3.270533715,14706365,0,1
2016-09,1473803700,d20b00d5-2041-4a4a-a154-7ff2ba820382,8dd63176-bbb4-466f-87c5-8da9510fc3e3,2904.31,4484.16,1893.53,-2992.37,102,0,1,1,0,0,1,37,21,3.270560737,14801436,0,1
2016-09,1473955515,95f097f1-a288-4904-af36-5ab994a19002,585237d5-0e09-4d15-8bee-60e02d375baf,240.04,109.31,120.74,9.99,6,0,1,1,0,0,1,45,26,2.277336319,9421061,1,0
2016-09,1473972502,99ff01d9-4e26-4df7-81b8-f391642f4bea,ae5abff0-2a42-4331-88fa-682064615293,26.23,30.11,0,-3.88,6,1,0,1,0,1,0,0,0,5.019646153,277147,0,1
2016-09,1473972665,651b435e-d22d-40d8-b050-a17102b26ca0,ae5abff0-2a42-4331-88fa-682064615293,26.33,30.22,0,-3.89,6,1,0,1,0,0,1,0,0,5.037450463,277310,0,1
2016-09,1474062723,3a0ec80e-9933-4e90-a43e-2713fc6a0989,ae5abff0-2a42-4331-88fa-682064615293,16.83,19.32,0,-2.49,6,1,0,1,0,0,1,0,0,3.220000023,367368,0,1
2016-09,1474392202,691e0a24-f1bd-460f-a2ea-bdcfd1ca2b21,bfbfa39f-4419-4d2b-97ad-54d9e1dba384,1802.71,1546.09,246.63,9.99,6,0,1,1,0,1,0,63,22,21.47360969,21092,0,1
2016-09,1474431772,743d303b-f436-4a98-9362-5685ddadd5af,585237d5-0e09-4d15-8bee-60e02d375baf,82.97,48.75,24.23,9.99,6,0,1,1,0,0,1,3,3,1.015802128,9897318,0,1
2016-09,1474465234,a0607d22-a9a7-45af-9300-6ab64444a409,585237d5-0e09-4d15-8bee-60e02d375baf,370.66,73.14,287.53,9.99,6,0,1,1,0,0,1,15,13,1.015928292,9930780,0,1
2016-09,1474581724,a2a88aea-6750-4470-96f8-b196eefe4e1f,6e9050ea-1ea1-45cb-a60f-0649dae09d59,873.88,378.05,415.66,80.17,6,0,1,1,0,1,0,156,45,5.250787619,697100,0,1
2016-09,1474583728,37c0449b-c086-4dbb-9f1a-09f0d92c80eb,585237d5-0e09-4d15-8bee-60e02d375baf,232.76,210.38,12.39,9.99,6,0,1,1,0,0,1,5,4,4.382986338,10049274,0,1
2016-09,1474599369,302d471a-1267-4612-837d-61c7992ef8d1,9df4ed51-cfb4-42f4-bd49-3e6ed02ca0da,6.61,6.07,0,0.54,6,1,0,1,0,1,0,0,0,1.012029667,17729347,0,1
2016-09,1474644166,29c26dbf-87d1-4f57-b3d4-f2e4dc48f46c,bfbfa39f-4419-4d2b-97ad-54d9e1dba384,814.47,649.69,154.79,9.99,6,0,1,1,0,0,1,101,27,9.02355968,273056,0,1
2016-09,1474671362,b95129ac-eb19-4e02-b68d-785af47e8c48,c901da77-907f-4d52-a155-dac61c189c0a,312.69,175.64,127.06,9.99,6,0,1,1,0,0,1,34,21,2.439565814,15533566,0,1
2016-09,1474950952,9e253cd2-9732-47c8-83bd-72022c41ff89,b6cd6c69-8950-4070-bf2d-1c0aa33971a3,51.63,47.81,0,3.82,6,1,0,1,0,0,1,0,0,7.969682849,4255656,0,1
2016-09,1475002854,b5618009-bda5-4849-b080-622b3cda5134,7166cdbd-063a-48ae-853e-bb9f81d1d82f,63.78,63.78,0,0,6,1,0,1,0,1,0,0,0,10.6312638,11197827,0,1
2016-09,1475031425,0ad918f7-270d-4ac8-aa6f-08d387f7b2a7,5ff97fa2-0006-42e0-92c8-c362719fe060,17.52,12.52,0,5,6,1,0,0,1,1,0,0,0,2.08745665,2355,0,1
2016-09,1475035159,ef929653-08a4-46c4-b4bd-d40ee720a193,585237d5-0e09-4d15-8bee-60e02d375baf,144.8,54.04,80.77,9.99,6,0,1,1,0,0,1,33,18,1.125917084,10500705,1,0
2016-09,1475035956,7211b11d-a519-4bc1-bd9e-38136327391f,585237d5-0e09-4d15-8bee-60e02d375baf,117.85,48.75,59.11,9.99,6,0,1,1,0,0,1,4,3,1.015802128,10501502,0,1
2016-09,1475043340,810b309c-2382-46ed-b500-752b1a476174,585237d5-0e09-4d15-8bee-60e02d375baf,76.17,48.75,17.43,9.99,6,0,1,1,0,0,1,2,2,1.015802128,10508886,0,1
2016-09,1475044294,67c4eba8-8461-4b85-bfd0-45e4e375f2c0,585237d5-0e09-4d15-8bee-60e02d375baf,211.64,48.75,152.9,9.99,6,0,1,1,0,0,1,12,10,1.009176064,10509840,0,1
2016-09,1475209835,eb66c019-2c7e-4d08-a1a7-a3e34dd4a1fe,585237d5-0e09-4d15-8bee-60e02d375baf,71.92,48.75,13.18,9.99,6,0,1,1,0,0,1,2,2,1.015802128,10675381,0,1
2016-10,1475354698,e2271188-76d4-4da4-838b-b5f0a0eaf380,f053d7ae-0e59-4995-819f-bc7d7b974762,550.07,403.49,217.28,-70.7,6,0,1,1,0,1,0,83,37,8.406042672,16059285,1,0
2016-10,1475551972,b61b1159-6c0b-440f-972c-344a09080dd7,50092816-1d30-4155-adf9-238c58d29d88,123.75,91.72,22.04,9.99,6,0,1,1,0,1,0,14,5,1.910921309,10011263,0,1
2016-10,1475593258,78bf2088-0cda-4738-844d-53d186075a58,c84142a2-0b95-4b2d-ad52-6d02f4766a55,222.72,153.61,59.12,9.99,6,0,1,1,0,1,0,26,13,3.200359979,78261,0,1
2016-10,1475614359,f702fa45-d5ce-478f-9616-5b6f2e5ce6e7,e87d2982-cd14-4c92-a7a8-36bee5b41843,6.7,6.2,0,0.5,6,1,0,1,0,1,0,0,0,1.033761111,1060657,0,1
2016-10,1475615122,649df37b-5cdf-4de9-9807-68a57ef747ee,585237d5-0e09-4d15-8bee-60e02d375baf,208.23,48.91,149.33,9.99,6,0,1,1,0,0,1,35,17,1.019022835,11080668,0,1
2016-10,1475706727,054f7c6c-46ff-496d-a3b5-0d3e0d47a395,e87d2982-cd14-4c92-a7a8-36bee5b41843,6.71,6.21,0,0.5,6,1,0,1,0,0,1,0,0,1.036605274,1153025,0,1
2016-10,1475790051,7b6b2691-ff11-4cb6-a012-758ecd4ab95b,585237d5-0e09-4d15-8bee-60e02d375baf,139.65,72,57.66,9.99,6,0,1,1,0,0,1,23,11,0.949389309,11255597,0,1
2016-10,1475792374,abd817a4-cbb9-4911-9084-2ce5eb4be936,991174c0-c075-4d56-8c60-0572e6c69cc3,187.51,144,57.31,-13.8,18,0,1,0,1,0,1,5,4,0.234056199,11672900,0,1
2016-10,1475868310,efa90d6b-1075-4fea-ad92-4dbe1dce41a6,fdf2eed5-00f0-493f-a3d2-a39c796b75f9,205.29,138.83,56.47,9.99,6,0,1,1,0,1,0,18,18,2.893400995,170611,0,1
2016-10,1476109193,809f7bd5-c82d-4407-b459-689dac350463,cd2cdda4-70c4-48f7-97b3-1b3211356a98,63.99,48,6,9.99,6,0,1,1,0,1,0,7,6,0.65677495,9183,0,1
2016-10,1476147627,5adac6ce-97d7-4c33-8408-58474bd36cb2,585237d5-0e09-4d15-8bee-60e02d375baf,141.82,48.71,83.12,9.99,6,0,1,1,0,0,1,34,23,1.015802128,11613173,1,0
2016-10,1476210378,81fd8e6e-8a0e-4e92-8eb9-0a2b0a4e1bc0,03b63ddf-3ab1-4383-9603-eb9715866d73,46.05,41.05,0,5,6,1,0,0,1,1,0,0,0,6.843199915,10731,0,1
2016-10,1476383403,1b16a67b-cc82-4eb2-86cd-5c243d2cb3d9,991174c0-c075-4d56-8c60-0572e6c69cc3,343.53,288,103.14,-47.61,36,0,1,1,0,0,1,5,4,0.234056199,12263929,0,1
2016-10,1476452679,30b35ab3-4824-4e86-ba49-57f2207d645b,c49062b1-5c17-4fc3-8011-dc0085086d39,48.72,48.72,0,0,24,1,0,1,0,1,0,0,0,2.03009996,2864,0,1
2016-10,1476480984,904a27ff-75c6-47a1-b4ef-59b58d68caeb,e87d2982-cd14-4c92-a7a8-36bee5b41843,10.84,10.04,0,0.8,6,1,0,1,0,0,1,0,0,1.674000062,1927282,0,1
2016-10,1476748739,7fec8058-c50a-4b54-903b-a66414049854,c901da77-907f-4d52-a155-dac61c189c0a,971.95,878.1,522.9,-429.05,30,0,1,1,0,0,1,32,19,2.439565814,17610943,0,1
2016-10,1476814086,300a759e-9883-4d34-9bff-7f9cad04cdca,235d8c7c-f8c0-4e72-91a5-fe19e286fed2,19.16,19.16,0,0,6,1,0,1,0,0,1,0,0,3.193901281,12691691,0,1
2016-10,1476815382,94b3eb01-a956-46e3-a63f-2ced66f55182,3d92e6ec-fbd4-46cc-8f13-106b0b6cfaa3,6,6,0,0,6,1,0,1,0,0,1,0,0,0.763903318,12930777,0,1
2016-10,1476832998,7318cc6a-2437-4cb8-9dc3-f1da72661044,585237d5-0e09-4d15-8bee-60e02d375baf,105.43,48.71,46.73,9.99,6,0,1,1,0,0,1,18,8,1.015802128,12298544,0,1
2016-10,1476838346,210c1479-2114-4e0d-b61e-355db78246d6,aef9af99-00ec-484b-9f87-16d704a75140,32.14,29.52,0,2.62,6,1,0,1,0,1,0,0,0,4.92013741,17543440,0,1
2016-10,1476932264,e406f28c-9fbe-492d-ad4a-32dc0abdb2da,ae5abff0-2a42-4331-88fa-682064615293,163.42,154.56,15.64,-6.78,6,0,1,1,0,0,1,3,3,3.220000023,3236909,0,1
2016-10,1477075909,ecd82791-7c3b-4073-9bff-3259873c3b74,033d0d0e-fe54-4bb7-97ca-5af3f15f9dae,37.15,37.15,0,0,6,1,0,1,0,1,0,0,0,6.193165727,149666,0,1
2016-10,1477086914,15662adf-1db7-4e99-b794-505b50a0e9a7,73dc6572-69eb-4f37-acef-feee3166e418,404.24,216,178.25,9.99,18,0,1,1,0,1,0,8,4,0.535076566,12889456,0,1
2016-10,1477243790,31c98829-b112-45dd-aa91-0d5acde01ed1,fbb53ee3-81ec-4033-bddf-8354e81b9530,180.22,105.66,59.56,15,6,0,1,0,1,1,0,40,14,1.468320092,624457,1,0
2016-10,1477353512,44c1e9d0-d396-44b1-b38a-35e7677034e4,022a2784-773b-4a74-9f5b-1416eed3cc8e,529.12,336,183.13,9.99,42,0,1,1,0,0,1,24,13,0.964168954,10566924,0,1
2016-10,1477454927,91b8b8e8-35bf-4355-95db-aaebc10c9dce,8f9204da-7ee6-4652-bec6-8f07844df97d,14.93,14.93,0,0,6,1,0,1,0,1,0,0,0,2.488965925,1984253,0,1
2016-10,1477458564,062f431f-5f1e-45ec-ae64-e11f8197cef8,a7f76393-6308-4baa-bdf2-ea6592bbc35d,13.57,13.57,0,0,6,1,0,1,0,1,0,0,0,2.262888668,2193683,0,1
2016-10,1477546359,38e28514-ea0f-49a4-ba67-35bf8d660358,8f9204da-7ee6-4652-bec6-8f07844df97d,6,6,0,0,6,1,0,1,0,0,1,0,0,0.78302751,2075685,0,1
2016-10,1477595679,71bab9c4-579d-4986-81c4-3ff0acaeeec9,aef9af99-00ec-484b-9f87-16d704a75140,50.76,50.76,0,0,6,1,0,1,0,0,1,0,0,8.4608304,18300773,0,1
2016-11,1478018607,80dd2e98-5f4f-4eba-9e35-c7ef82407444,bfbfa39f-4419-4d2b-97ad-54d9e1dba384,259.42,66.71,182.72,9.99,6,0,1,1,0,0,1,27,14,1.390932216,3647497,1,0
2016-11,1478027448,97eba42d-7925-4ae3-9743-b6efebc0ff8b,2e836e5d-eb39-45ef-9f3f-ae9b61dbe0a3,868.36,686.16,237.84,-55.64,6,0,1,1,0,1,0,178,46,9.530213927,18460224,1,0
2016-11,1478028096,88d0d3bc-6040-451e-aeec-f8a1ea9fdb57,022a2784-773b-4a74-9f5b-1416eed3cc8e,203.46,103.97,89.5,9.99,6,0,1,1,0,0,1,25,16,2.166578871,11241508,0,1
2016-11,1478118738,07536297-7b29-4746-9e1e-cf83e1d0e387,ef49a078-8f3b-4fd3-a7eb-c30bfe803909,78.68,48,20.69,9.99,6,0,1,1,0,0,1,8,5,0.855707612,12665911,0,1
2016-11,1478151473,7f44b2f8-75ad-42cb-86bd-99c7ca44a4a9,dde0b54a-0597-40ea-8fcf-231df9c1e7dd,34.86,34.86,0,0,12,1,0,1,0,1,0,0,0,2.905557467,2602860,0,1
2016-11,1478217922,d7ff6798-0aa8-4780-a89e-3814582fd81e,5676491e-e93c-4038-984e-fbf4f70d7563,6,6,0,0,6,1,0,1,0,0,1,0,0,0.591588078,9669816,0,1
2016-11,1478368445,6d0a820c-48f3-45bc-88af-5e799b6cc2d3,3edf887b-1157-47ab-b2dd-525da5d39617,126.27,48,63.27,15,6,0,1,0,1,1,0,43,26,0.858659098,2771397,0,1
2016-11,1478540593,49d85386-5193-47d4-8e61-9813767a1f82,dd9f5d3a-33de-4103-981e-57569cd7a0e6,45.7,45.7,0,0,12,1,0,1,0,0,1,0,0,3.808879012,14160426,0,1
2016-11,1478623627,c60bee0b-cf9e-4e78-b9c1-c311e5b41e1b,1ff03992-701b-4f78-bca3-8c26c82dd1e6,337.57,193.91,106.07,37.59,6,0,1,1,0,1,0,30,24,4.041141369,2578121,0,1
2016-11,1478647375,73a1863b-11fc-4680-aca4-89d1f695b91a,7166cdbd-063a-48ae-853e-bb9f81d1d82f,63.78,63.78,0,0,6,1,0,1,0,0,1,0,0,10.6312638,14842348,0,1
2016-11,1478800235,4226bc62-298a-4274-b6ad-8a879af1e372,585237d5-0e09-4d15-8bee-60e02d375baf,62.58,48.71,3.88,9.99,6,0,1,1,0,0,1,6,4,1.015802128,14265781,0,1
2016-11,1478891402,a13c38be-b2b0-4a60-b2da-e84eca932d1c,68d667b1-02fc-4c8e-b292-3d544ba22e93,35.68,33.04,0,2.64,6,1,0,1,0,1,0,0,0,5.508202375,2295,0,1
2016-11,1479188308,7e9abd0a-e489-480f-adfb-e1512c0a73f6,a7f76393-6308-4baa-bdf2-ea6592bbc35d,13.57,13.57,0,0,6,1,0,1,0,0,1,0,0,2.262889161,3923427,0,1
2016-11,1479241070,a5f04401-e43d-4f2b-bf67-d471131884ca,966ff3ef-1a85-4d23-89d9-4a25f2eea1af,568.78,317.16,241.63,9.99,6,0,1,1,0,0,1,49,21,6.608453853,8997757,1,0
2016-11,1479275487,45edb46d-289f-40d2-b3cb-79c08420741a,966ff3ef-1a85-4d23-89d9-4a25f2eea1af,349.82,272.09,67.74,9.99,6,0,1,1,0,0,1,23,17,5.669067458,9032174,1,0
2016-11,1479310976,2d9f93b1-ff3c-4d9c-a349-fd07ee9f293d,966ff3ef-1a85-4d23-89d9-4a25f2eea1af,461.01,257.63,193.39,9.99,6,0,1,1,0,0,1,109,35,5.36871454,9067663,1,0
2016-11,1479332243,4d6c7570-e85d-4e0f-981c-88c963496bdc,cd2cdda4-70c4-48f7-97b3-1b3211356a98,194.09,144.6,39.5,9.99,6,0,1,1,0,0,1,20,7,3.081554252,3232233,0,1
2016-11,1479345136,664b89b7-44a5-4a69-a452-87e23e46e9fa,97ab3015-f036-43de-a446-b426bb1c3265,259.43,190.2,59.24,9.99,12,0,1,1,0,1,0,24,13,1.982459115,25266,0,1
2016-11,1479364968,84ae0028-9ddf-433b-a18a-5a094c562cb5,8a46169c-ea15-4d57-af51-33be4eb5f33c,130.85,106.97,13.89,9.99,6,0,1,1,0,1,0,16,4,2.229367655,24437,0,1
2016-11,1479424708,1396d71e-2cd0-4833-b2a8-972ebd8a55c9,acff2025-ba55-4c3a-a46a-6034eab91cb1,188.67,101.22,77.46,9.99,6,0,1,1,0,1,0,62,23,2.109942761,81976,0,1
2016-11,1479717873,fb7b5ef5-2636-4327-b96d-9afaf7d09d61,022a2784-773b-4a74-9f5b-1416eed3cc8e,206.69,144,52.7,9.99,18,0,1,1,0,0,1,5,3,0.838143962,12931285,0,1
2016-11,1479756996,117cc459-ed8c-48c2-ba80-8bcb56a87e67,abe11ab2-250f-4d6f-ab9f-909aef78c878,20.94,20.94,0,0,6,1,0,1,0,1,0,0,0,3.491454459,2339568,0,1
2016-11,1479771451,d6c78d91-0683-4e37-8eff-9d0a315762c2,b6cd6c69-8950-4070-bf2d-1c0aa33971a3,74.79,69.25,0,5.54,6,1,0,1,0,0,1,0,0,11.54239392,9076155,0,1
2016-11,1479800773,cf7694f7-104d-4376-8216-2b822d18fda1,dcd3e882-324d-4a43-9149-6e802ccef0f3,1891.6,2983.2,1508.7,-2600.3,60,0,1,1,0,1,0,88,43,6.216015649,1215114,1,0
2016-11,1479849472,ad1a214c-dfdf-4928-9901-3312cbfae0d9,022a2784-773b-4a74-9f5b-1416eed3cc8e,611.85,462.42,139.44,9.99,18,0,1,1,0,0,1,44,26,3.212243972,13062884,0,1
2016-11,1479948819,5583a26e-105a-4764-8f97-4f61f307b9fe,022a2784-773b-4a74-9f5b-1416eed3cc8e,313.59,313.59,0,0,6,1,0,1,0,0,1,0,0,52.26500346,13162231,0,1
2016-11,1480025605,f4c44ac6-9c0d-4746-8994-09cf3ab2fb52,5650234d-3ec7-4ab2-ab6b-60ea1f105b1b,141.92,98.16,33.77,9.99,6,0,1,1,0,1,0,23,16,2.046240089,16086206,0,1
2016-11,1480373962,7eb6dbaf-6b2e-4a2a-84b8-30677fc6ed5a,8a46169c-ea15-4d57-af51-33be4eb5f33c,1139.67,409.74,719.94,9.99,6,0,1,1,0,0,1,159,47,5.691015649,1033431,1,0
2016-11,1480379225,4e94ad6d-e715-4f29-904b-8b5e631c2b64,ef4a573a-43c4-4221-9445-b41d142238e5,12,12,0,0,12,1,0,1,0,1,0,0,0,0.966001216,724,0,1
2016-11,1480379379,432691ad-5c0a-49ad-a70a-8f7de3c90712,ef4a573a-43c4-4221-9445-b41d142238e5,12,12,0,0,12,1,0,1,0,0,1,0,0,0.966001165,878,0,1
2016-11,1480457848,68cf7936-2200-4ccc-814d-874db0943758,ef4a573a-43c4-4221-9445-b41d142238e5,6,6,0,0,6,1,0,1,0,0,1,0,0,0.963272187,79347,0,1
2016-11,1480537306,5c4a5f43-d38e-4de1-a014-79fa7f77b7fc,c84142a2-0b95-4b2d-ad52-6d02f4766a55,442.7,373.08,59.63,9.99,6,0,1,1,0,0,1,59,7,7.773281165,5022309,0,1
2016-12,1480613415,fd43fe50-de55-4362-b507-c8d89917228d,d154e281-a94b-4102-8dc1-b5cd58d856a3,16.42,15.08,0,1.34,6,1,0,1,0,0,1,0,0,2.514119889,21257156,0,1
2016-12,1480613469,800b32af-1f74-42a5-afed-61424988ac7a,d154e281-a94b-4102-8dc1-b5cd58d856a3,6.53,6,0,0.53,6,1,0,1,0,0,1,0,0,0.370494133,21257210,0,1
2016-12,1480964038,62312fb3-0453-413c-b8cc-3218248aa45a,b8b43a9f-1023-48bb-b788-8bc439d3290e,48.28,48.28,0,0,12,1,0,1,0,1,0,0,0,4.02364921,16925980,0,1
2016-12,1480996946,038d7e6c-47e7-4b7b-a55a-48a81712adb2,97ab3015-f036-43de-a446-b426bb1c3265,1864.41,1776,855.42,-767.01,222,0,1,1,0,0,1,24,13,0.964168954,1677076,0,1
2016-12,1481057233,1094e808-6644-4abe-8353-42f9340e4ae9,033d0d0e-fe54-4bb7-97ca-5af3f15f9dae,38.15,38.15,0,0,6,1,0,1,0,0,1,0,0,6.358775468,4130990,0,1
2016-12,1481164005,86a2e39e-b9fe-4c12-8e64-4fe00375e2bf,ef4a573a-43c4-4221-9445-b41d142238e5,6,6,0,0,6,1,0,1,0,0,1,0,0,0.645428768,785504,0,1
2016-12,1481165476,2a5ef61c-602c-4585-aadf-efec0b5b2aef,c901da77-907f-4d52-a155-dac61c189c0a,907.34,702.36,546.16,-341.18,36,0,1,1,0,0,1,29,16,2.439565814,22027680,0,1
2016-12,1481233259,d780a722-af74-42a7-a09b-2248e5377600,51ae0760-e86c-44f7-a11c-0da407b83a42,30.77,25.77,0,5,6,1,0,0,1,1,0,0,0,4.295078015,19763,0,1
2016-12,1481238596,1a8aed5a-6684-4567-a664-1764489ad57f,2c23d13f-e62e-4353-a0f6-e308cb504233,17,12,0,5,12,1,0,0,1,1,0,0,0,0.413813752,3776678,0,1
2016-12,1481341499,f447de80-98de-4562-98ae-03d646a78977,585237d5-0e09-4d15-8bee-60e02d375baf,308.75,146.16,152.6,9.99,12,0,1,1,0,0,1,36,25,1.015802128,16807045,1,0
2016-12,1481755580,f5ec63be-83f7-4f09-86f2-c49e922c3ed3,e87d2982-cd14-4c92-a7a8-36bee5b41843,6.48,6,0,0.48,6,1,0,1,0,0,1,0,0,0.838573236,7201878,0,1
2016-12,1482361430,c339ab37-cb9c-4bf5-a998-4bfc0fe1e36e,2d21f785-a946-4ff3-8f39-babcdbbfdb87,746.71,759.06,129.47,-141.82,6,0,1,1,0,1,0,80,34,15.81406409,1210968,0,1
2016-12,1482395915,56f8ec68-8486-4134-b178-4f3758342139,022a2784-773b-4a74-9f5b-1416eed3cc8e,238.73,160.85,67.89,9.99,6,0,1,1,0,0,1,27,8,2.23485478,15609327,1,0
2016-12,1482432957,4dd95931-4611-4e6a-a137-43f424f916f8,966ff3ef-1a85-4d23-89d9-4a25f2eea1af,359.27,272.09,77.19,9.99,6,0,1,1,0,0,1,24,18,5.669067458,12189644,1,0
2016-12,1482458087,30aeeabf-9499-46b1-840f-7f3400c3a27b,966ff3ef-1a85-4d23-89d9-4a25f2eea1af,2095.53,1288.19,797.35,9.99,30,0,1,1,0,0,1,116,37,5.36871454,12214774,1,0
2016-12,1483078611,7d260fa4-ffbb-4c51-ac40-942b854a5bb9,3fcd1b48-749e-42b6-885e-b3deec6b8357,36.3,36.3,0,0,6,1,0,1,0,1,0,0,0,6.05010029,651668,0,1
2016-12,1483143351,a9a2342a-6ee1-4c7c-ae3d-c2f0932e40fa,c901da77-907f-4d52-a155-dac61c189c0a,162.81,72,80.82,9.99,6,0,1,1,0,0,1,27,18,0.945552355,24005555,0,1
2017-01,1483464985,7dac8d7b-d9aa-4e2a-9703-cf52290b198f,033d0d0e-fe54-4bb7-97ca-5af3f15f9dae,24.37,24.37,0,0,6,1,0,1,0,0,1,0,0,4.062976022,6538742,0,1
2017-01,1483492369,9b97ed1b-ba5c-46a5-ac92-7f1a04ffe542,c901da77-907f-4d52-a155-dac61c189c0a,125.72,60.84,54.89,9.99,6,0,1,1,0,0,1,26,14,1.267868519,24354573,0,1
2017-01,1483495841,9b95cf12-9b4f-4e7a-b551-31472540e788,31429d94-43ec-4d86-8439-2c8dd7935898,6.84,6.84,0,0,6,1,0,1,0,1,0,0,0,1.140000029,3132047,0,1
2017-01,1483551377,7f30a4bb-21c1-4a3c-bfe8-3d9b2f4b821b,f57a9809-9ff2-45cf-b40b-ac24a8c20801,419.57,267.83,106.73,45.01,6,0,1,1,0,1,0,28,14,7.440202863,1285081,0,1
2017-01,1483817671,9bd1f923-1242-4a1a-b308-74bb19f90e93,e87d2982-cd14-4c92-a7a8-36bee5b41843,13.17,12.19,0,0.98,6,1,0,1,0,0,1,0,0,2.033105045,9263969,0,1
2017-01,1483917650,c43ab825-b974-4b48-a3bc-756d92297735,2c23d13f-e62e-4353-a0f6-e308cb504233,11,6,0,5,6,1,0,0,1,0,1,0,0,0.882595562,6455732,0,1
2017-01,1483976020,b7771738-c791-4943-b199-e13b80560480,adcdb203-8205-4f4b-b324-2a15914e914a,2308.52,2010.06,601.99,-303.53,78,0,1,1,0,1,0,48,20,2.148027219,24440783,0,1
2017-01,1484076970,201b06e1-6578-4371-bc4b-737a13d2acb5,27510353-be1f-4d1a-8559-b2ecbb80d34a,11,6,0,5,6,1,0,0,1,1,0,0,0,0.615385963,2234131,0,1
2017-01,1484097427,0a6879b0-b561-4b30-8b37-861ba3eafe60,e87d2982-cd14-4c92-a7a8-36bee5b41843,20.38,18.87,0,1.51,6,1,0,1,0,0,1,0,0,3.146493846,9543725,0,1
2017-01,1484175352,5823f606-094f-4348-8203-c06ee2cf72f1,a4d01717-1ea4-4c4c-b5e3-36df831d59f3,23.83,23.83,0,0,6,1,0,1,0,0,1,0,0,3.973245893,17906924,0,1
2017-01,1484235462,22895d1a-3c9e-4937-84af-d1785866a548,10f0f133-fc5d-4f8f-ae55-54bab385df6a,106.96,48,43.96,15,6,0,1,0,1,1,0,6,5,0.348475266,14338359,0,1
2017-01,1484238811,18cc2bb3-6c90-44cd-ac78-e18d929be422,ae5abff0-2a42-4331-88fa-682064615293,339.81,328.5,38.51,-27.2,6,0,1,1,0,0,1,57,10,4.563207855,10543456,1,0
2017-01,1484609146,f77cbc7d-0765-4a79-85b3-ea792b63244d,c901da77-907f-4d52-a155-dac61c189c0a,162.81,72,80.82,9.99,6,0,1,1,0,0,1,27,18,0.945563921,25471350,0,1
2017-01,1484620430,33d27895-a844-4c9c-bbda-ddf470bd23cc,fe7ee463-0055-42e4-a9c8-b754996635f7,298.13,198.48,89.66,9.99,6,0,1,1,0,0,1,60,31,4.136057499,19048634,1,0
2017-01,1484774610,1d99dba0-d87f-4a22-bdd5-5bfa74b2331c,ae5abff0-2a42-4331-88fa-682064615293,100.06,72,23.5,4.56,6,0,1,1,0,0,1,2,2,0.167641251,11079255,0,1
2017-01,1484775733,2c6f3c4c-f4c8-44f9-b53f-09325b09bfd6,af242ec5-9a7f-4d92-9e4b-47cf3a0b8be0,57.95,36.42,11.54,9.99,6,0,1,1,0,1,0,8,5,1.012029667,703567,0,1
2017-01,1484781475,75b89fd8-a259-401f-b9a5-1b282671e358,e87d2982-cd14-4c92-a7a8-36bee5b41843,13.17,12.19,0,0.98,6,1,0,1,0,0,1,0,0,2.033105045,10227773,0,1
2017-01,1484811316,b15b0747-b698-409d-aceb-bd439c867a07,c901da77-907f-4d52-a155-dac61c189c0a,308.94,175.62,123.33,9.99,6,0,1,1,0,0,1,32,19,2.439565814,25673520,0,1
2017-01,1485037664,4e7f271b-f732-4bbe-9f86-0a86d0ce42b7,a4d01717-1ea4-4c4c-b5e3-36df831d59f3,46.95,46.95,0,0,6,1,0,1,0,0,1,0,0,7.826300384,18769236,0,1
2017-01,1485211098,200eacd0-3db7-4e03-a439-2e9ee4303ae4,ef2c8f7b-a1e5-41e2-abe6-fea8e5f7c47b,143.97,59.1,86.69,-1.82,6,0,1,1,0,1,0,16,8,1.23204243,441313,0,1
2017-01,1485212938,3846cf7c-008e-4912-810a-7e30ab73c0cf,ae5525e9-763a-4fce-945b-a13172796e04,261.91,78.3,173.62,9.99,6,0,1,1,0,1,0,60,24,1.63206924,12723115,0,1
2017-01,1485350318,0a9ee830-1f7e-4e35-a0f4-ccc1c1f4e76d,2fbe6d50-93d5-419b-beac-a32a3bd81664,195.84,104.04,76.8,15,6,0,1,0,1,0,1,49,19,2.168466142,21521153,1,0
2017-01,1485383317,5f16a55e-dbbb-4c64-98bb-65945ef2e934,5bdc0875-31cc-40fe-bb19-55fa088e84bf,790.32,547.74,342.13,-99.55,6,0,1,1,0,0,1,122,60,11.41150758,24716717,0,1
2017-01,1485383367,7b31e2c4-8110-4606-b062-75d6473e2969,5bdc0875-31cc-40fe-bb19-55fa088e84bf,24,24,0,0,24,1,0,1,0,0,1,0,0,0.899490838,24716767,0,1
2017-01,1485736063,d068c526-5554-407b-9619-0dbcb034300e,557dfa0f-d959-4706-baa0-4a4481a13c49,74.75,36.42,28.34,9.99,6,0,1,1,0,1,0,120,2,1.011846443,9868607,0,1
2017-01,1485802387,5bf64b8b-80bc-4423-8d51-65e9ed767716,ae5abff0-2a42-4331-88fa-682064615293,272.99,234.36,52.44,-13.81,6,0,1,1,0,0,1,73,11,4.88251757,12107032,1,0
2017-01,1485823428,82a3693e-9900-4a87-9ce1-4a81005275c4,7166cdbd-063a-48ae-853e-bb9f81d1d82f,47.99,47.99,0,0,12,1,0,1,0,0,1,0,0,3.999999803,22018401,0,1
2017-01,1485885920,bad85af5-c74b-40c3-a373-33f18cca903a,a127bc53-1a7d-4191-b212-efea865e9c56,11.56,6.56,0,5,6,1,0,0,1,1,0,0,0,1.093542613,21687948,0,1
2017-02,1485961206,bb5ced59-985d-4378-adb2-3f397587efe5,97ab3015-f036-43de-a446-b426bb1c3265,340.77,380.4,116.8,-156.43,24,0,1,1,0,0,1,24,12,1.982459115,6641336,0,1
2017-02,1485961446,f9033da0-dc3e-4ab3-bb69-f5da4d93d6be,97ab3015-f036-43de-a446-b426bb1c3265,805.99,816,337,-347.01,102,0,1,1,0,0,1,24,13,0.964168954,6641576,0,1
2017-02,1486060055,563e32dc-94c0-4424-b92e-33e469280012,022a2784-773b-4a74-9f5b-1416eed3cc8e,239.25,160.85,68.41,9.99,6,0,1,1,0,0,1,27,8,2.23485478,19273467,1,0
2017-02,1486149471,813dcf8a-1b1e-4a5f-9b9d-88697e94beff,ae5525e9-763a-4fce-945b-a13172796e04,109.93,61.56,38.38,9.99,6,0,1,1,0,0,1,10,9,1.282701552,13659648,0,1
2017-02,1486252229,d87bebe3-d0e8-45e1-94a2-9a3f5ab0e5cd,557dfa0f-d959-4706-baa0-4a4481a13c49,6,6,0,0,6,1,0,1,0,0,1,0,0,0.206882568,10384773,0,1
2017-02,1486398492,ad8540aa-44c3-4709-a41e-b78566dc2411,ae5abff0-2a42-4331-88fa-682064615293,402.8,328.5,71.36,2.94,6,0,1,1,0,0,1,55,11,4.563207855,12703137,1,0
2017-02,1486404556,c5221e9c-7b59-429a-937a-e6064475ada9,ae5525e9-763a-4fce-945b-a13172796e04,109.93,61.56,38.38,9.99,6,0,1,1,0,0,1,10,9,1.282701552,13914733,0,1
2017-02,1486412098,bb461ec7-c5f9-444d-950b-012e7b2fa501,557dfa0f-d959-4706-baa0-4a4481a13c49,272.64,192.59,70.06,9.99,6,0,1,1,0,0,1,27,6,4.013656916,10544642,0,1
2017-02,1486412624,137371c8-66b4-41fd-b31c-d05ae6909cdf,557dfa0f-d959-4706-baa0-4a4481a13c49,272.64,192.59,70.06,9.99,6,0,1,1,0,0,1,27,6,4.013656916,10545168,0,1
2017-02,1486439682,693faff1-6ae7-4cc8-9a72-d5c683499ff6,ae5525e9-763a-4fce-945b-a13172796e04,109.87,54.17,45.71,9.99,6,0,1,1,0,0,1,25,17,1.129482006,13949859,1,0
2017-02,1486489970,b8372fbd-2d82-4d9d-82c9-52621d8a95bf,f57a9809-9ff2-45cf-b40b-ac24a8c20801,350.11,204.66,106.11,39.34,6,0,1,1,0,0,1,28,14,5.686118224,4223674,0,1
2017-02,1486522890,07496a79-4462-44bc-a428-f7d447992a9a,ae5525e9-763a-4fce-945b-a13172796e04,261.92,78.3,173.63,9.99,6,0,1,1,0,0,1,60,24,1.63206924,14033067,0,1
2017-02,1486572698,a513f532-a870-4630-a6d7-0c40f93cea4e,be65ae81-a8af-40de-96fd-fbe20a62315c,388.97,245.75,133.23,9.99,6,0,1,1,0,1,0,61,37,5.120595277,17372045,1,0
2017-02,1486596578,ac3d8c51-9508-41bc-b93b-daf44880e987,8a46169c-ea15-4d57-af51-33be4eb5f33c,1190.44,409.74,720.71,59.99,6,0,1,1,0,0,1,141,43,5.691234099,7256047,1,0
2017-02,1486726583,6b24f038-cee4-466b-b82a-205a960e793c,813f9315-416c-42b9-857d-1d760777a856,183.22,152.75,15.47,15,6,0,1,0,1,1,0,1,1,3.182969931,1295189,0,1
2017-02,1486766363,5e715279-b855-45c3-aa43-21537542e5f5,ae5abff0-2a42-4331-88fa-682064615293,100.18,72,23.61,4.57,6,0,1,1,0,0,1,2,2,0.154999689,13071008,0,1
2017-02,1486856771,57e7f352-22e9-46d4-8c88-8af0f04810e1,a4d01717-1ea4-4c4c-b5e3-36df831d59f3,15.75,15.75,0,0,6,1,0,1,0,0,1,0,0,2.625000008,20588343,0,1
2017-02,1486996352,a2434871-d08a-4fc0-9051-fc87d2530c67,b4a2ce05-0c4c-425e-b7e4-d7a8b744c2ac,76.22,48,18.23,9.99,6,0,1,1,0,1,0,6,4,0.327756168,2050863,1,0
2017-02,1487116463,b90b7f51-3395-4b1a-8e24-bd308d4b7201,8119c189-9cd6-4d06-9aa5-b9ec0482a3e8,389.19,174.35,175.28,39.56,12,0,1,1,0,1,0,15,8,1.816817294,60944,0,1
2017-02,1487116817,58a979e3-6edd-4756-b1d6-e826831404d3,8119c189-9cd6-4d06-9aa5-b9ec0482a3e8,23.54,21.8,0,1.74,12,1,0,1,0,0,1,0,0,1.816816206,61298,0,1
2017-02,1487127929,c1b68860-972e-4da9-a9d0-9d58b1b7a055,ae5525e9-763a-4fce-945b-a13172796e04,135.82,48,77.83,9.99,6,0,1,1,0,0,1,16,12,0.728108388,14638106,0,1
2017-02,1487128036,53f8082a-b02b-4616-80ec-bf0c281e4aff,ae5525e9-763a-4fce-945b-a13172796e04,135.82,48,77.83,9.99,6,0,1,1,0,0,1,16,12,0.728108388,14638213,0,1
2017-02,1487128252,baebf9d1-b114-4fdb-87a1-1959be1a3a77,ae5525e9-763a-4fce-945b-a13172796e04,103.89,48,20.9,34.99,6,0,1,1,0,0,1,25,9,0.402720561,14638429,0,1
2017-02,1487288043,177ddaba-998d-45d5-bfe3-ed43b2307502,24db3ba2-6c5f-43af-ad40-34302070f988,6,6,0,0,6,1,0,1,0,1,0,0,0,0.155399949,89964,0,1
2017-02,1487307701,38e85a4a-3e5a-4310-b377-5fbc7b9f67e3,accf20f1-0678-48e8-b426-2143d9232437,31.55,31.55,0,0,6,1,0,1,0,1,0,0,0,5.258864921,463386,0,1
2017-02,1487368405,6af8b7e3-aa1f-41f0-9157-1a7b67700820,97ab3015-f036-43de-a446-b426bb1c3265,115.54,79.26,60.96,-24.68,6,0,1,1,0,0,1,44,22,1.651984055,8048535,1,0
2017-02,1487374959,8f996a68-a78e-4a1e-b051-65e64b19aebd,97ab3015-f036-43de-a446-b426bb1c3265,24,24,0,0,24,1,0,1,0,0,1,0,0,0.350978127,8055089,0,1
2017-02,1487630342,60963c4d-68fc-40c9-9e3e-d9d771dc4f1a,c0142034-f4de-4f4e-8058-8ff47258a036,72.32,48,9.32,15,6,0,1,0,1,0,1,5,4,0.258999624,23489316,0,1
2017-02,1487651873,4d7899f4-145c-442d-a9f2-61635902767c,c901da77-907f-4d52-a155-dac61c189c0a,140.67,72,58.68,9.99,6,0,1,1,0,0,1,44,25,0.945563921,28514077,0,1
2017-02,1487678165,44d3b9b6-3a14-430f-b608-2f3ac07e391a,dc0728f1-d986-403d-b065-c8b6015dc53f,104.27,48,46.07,10.2,6,0,1,0,1,1,0,14,7,0.970717032,3043785,0,1
2017-02,1487703287,bcd49b55-8958-4f48-8b53-14761c704e98,048c2852-e5d4-4d77-b1c4-f1bcee03626d,136.68,72,54.69,9.99,6,0,1,1,0,1,0,19,14,0.790795381,1898725,0,1
2017-02,1487714473,1e0d12e8-798b-4b55-b866-7887ad81f66d,8a74aef6-33f7-4901-bc41-1ff598602b7d,767.97,423,309.98,34.99,6,0,1,1,0,1,0,68,17,8.813182992,15034732,1,0
2017-02,1487742758,4fba1fb0-d443-45cd-bfd9-bad13f5bacda,557dfa0f-d959-4706-baa0-4a4481a13c49,6,6,0,0,6,1,0,1,0,0,1,0,0,0.206882568,11875302,0,1
2017-02,1487793795,6299dcf0-d6b0-4433-8269-611197379e8d,aef9af99-00ec-484b-9f87-16d704a75140,44.58,40.95,0,3.63,6,1,0,1,0,0,1,0,0,6.82531127,28498889,0,1
2017-02,1487803907,32eec5fb-b185-4b10-8fb8-c9e5f405dcd3,db74d081-a4cd-44e3-9f23-5aa674724924,11.58,6.58,0,5,6,1,0,0,1,1,0,0,0,1.096864032,5487974,0,1
2017-02,1487833336,44de28de-53d0-45c4-bef5-93f7707f8c1d,048c2852-e5d4-4d77-b1c4-f1bcee03626d,163.91,72,56.92,34.99,6,0,1,1,0,0,1,20,16,0.652853567,2028774,0,1
2017-02,1488064981,fcdda56e-eb65-4c88-a7b1-547ea2b3ea7c,6b656bcd-9277-44ae-901e-ffdb63a8c705,6,6,0,0,6,1,0,1,0,1,0,0,0,0.971846112,3732456,0,1
2017-02,1488212415,4b3a6f1c-11f1-4f9b-abae-6e0d94ed65ac,c1222f0f-5ffd-41b4-a30c-e582f359ce75,390.99,159.89,191.1,40,6,0,1,0,1,1,0,41,25,2.221262054,23333142,1,0
2017-02,1488217907,a9eb9a8f-2811-4033-bae3-8341a475fcd0,c04d3893-2416-48e7-96c8-e5240ef1dc09,25.04,25.04,0,0,6,1,0,1,0,1,0,0,0,4.173488708,4729574,0,1
2017-02,1488234401,e2f240ad-de14-4081-a3c4-667752606443,ba9e201c-8268-422d-9907-a2588241bd59,426.78,180.83,205.95,40,6,0,1,0,1,1,0,92,38,2.51130699,21893778,1,0
2017-02,1488245704,cef5c1db-e408-4dae-a651-7d738b547963,ae5525e9-763a-4fce-945b-a13172796e04,6.87,6.87,0,0,6,1,0,1,0,0,1,0,0,1.154693494,15755881,0,1
2017-02,1488252619,d1c28c15-1a35-4442-b8f4-dd5b2add1ad4,41b42a8b-276d-40bf-bd4b-c0df0bb24c6b,26.65,21.65,0,5,6,1,0,0,1,1,0,0,0,3.609611411,23964064,0,1
2017-03,1488506759,db59f774-0b7d-4be0-a14d-16bf9c4f30a5,b4a2ce05-0c4c-425e-b7e4-d7a8b744c2ac,86,48,28.01,9.99,6,0,1,1,0,0,1,6,4,0.327756168,3561270,1,0
2017-03,1488506802,bf3dc678-3a71-40fc-ae8c-3f57bd77bd7d,b4a2ce05-0c4c-425e-b7e4-d7a8b744c2ac,86,48,28.01,9.99,6,0,1,1,0,0,1,6,4,0.327756168,3561313,1,0
2017-03,1488558063,96c99b36-c29e-456f-953b-760c881996cd,ce80209f-da6a-4689-a8f5-412c6cdbbafe,129.7,119.13,0,10.57,6,1,0,1,0,1,0,0,0,19.85610079,10206151,0,1
2017-03,1488558878,f80e0136-42ea-4bcd-9bca-979b3f7d2fea,ce80209f-da6a-4689-a8f5-412c6cdbbafe,99.65,91.53,0,8.12,6,1,0,1,0,0,1,0,0,15.25593689,10206966,0,1
2017-03,1488713670,04a0c8f0-aa32-4181-923a-08e45625eb4b,75812f55-7714-49f2-820f-f4a0b8568f6f,34.95,29.95,0,5,6,1,0,0,1,0,1,0,0,4.992599211,24299730,0,1
2017-03,1488808813,11d1600b-dc2d-4289-9cf5-99e2f101739f,c1222f0f-5ffd-41b4-a30c-e582f359ce75,933.33,387.24,481.09,65,6,0,1,0,1,0,1,164,42,8.068256742,23929540,1,0
2017-03,1488834934,953ddcf7-21d6-49eb-b19a-808902598f0c,b1998f47-9a77-4b58-ab3a-f25d578e980b,484.51,211.79,258.9,13.82,6,0,1,1,0,1,0,59,32,4.413260018,337238,1,0
2017-03,1488835003,a145fcf8-34e0-43c6-a994-1a0b11f50075,7dafca99-f495-4cc2-a786-0e8b77383f23,456.22,270.05,178.18,7.99,6,0,1,1,0,1,0,64,27,5.627379605,337715,1,0
2017-03,1488835062,17906bc5-d17d-4163-88d9-1ae5a7342d3e,18fc67fb-1e97-411b-bffe-55fdca7dda87,657.04,427.08,237.67,-7.71,6,0,1,1,0,1,0,52,32,8.897808264,339118,1,0
2017-03,1488846580,942c1f91-ef08-42ed-aa55-e6aa5d01f1a3,3c607361-d64f-454e-ad8b-411a02d64fad,546.57,286.08,254.1,6.39,6,0,1,1,0,1,0,55,30,5.98440979,350671,1,0
2017-03,1488909135,6def3cc3-fe8a-4b58-b22f-36f5fe88a6ea,8a46169c-ea15-4d57-af51-33be4eb5f33c,1256.36,409.74,761.63,84.99,6,0,1,1,0,0,1,150,47,5.691234099,9568604,1,0
2017-03,1488917177,0c7bfed9-ac6d-487c-a32e-700bd2e5ab38,be65ae81-a8af-40de-96fd-fbe20a62315c,844.66,547.74,261.93,34.99,6,0,1,1,0,0,1,114,42,11.4122624,19716524,1,0
2017-03,1488917224,4bd47796-6d27-4525-8af2-b2de751688f1,be65ae81-a8af-40de-96fd-fbe20a62315c,412.99,245.75,157.25,9.99,6,0,1,1,0,0,1,65,38,5.120595277,19716571,1,0
2017-03,1488998215,aa327ea8-7887-400e-bd4c-bfbc4e704eba,ad37a6a6-1ecf-4a14-8bb4-11bafcf55d1b,486.29,269.63,181.67,34.99,6,0,1,1,0,1,0,51,27,5.618010478,500178,1,0
2017-03,1488998315,6b962d7c-a5b4-4e1b-b2ad-05b70834e40c,0fc3e06e-2988-4c5d-8805-0dad657e5234,687.58,402.41,290.42,-5.25,6,0,1,1,0,1,0,136,41,8.383924941,507079,1,0
2017-03,1489000564,fb98dee7-2180-4f65-bb57-2ce77aa9c2d4,31f15a2a-f522-4ea8-ae16-70703194342e,470.38,276.12,186.88,7.38,6,0,1,1,0,1,0,36,22,5.752618468,503699,1,0
2017-03,1489002947,5d278d29-bb33-487a-a8b4-06d8a46997a0,5723d432-fae3-4630-ab26-f606f6bfb8a6,471.57,268.2,195.2,8.17,6,0,1,1,0,1,0,48,25,5.588059456,506959,1,0
2017-03,1489016447,445a83e5-19e5-46f8-a5be-55ff2d3dbbe1,557dfa0f-d959-4706-baa0-4a4481a13c49,6,6,0,0,6,1,0,1,0,0,1,0,0,0.98041136,13148991,0,1
2017-03,1489025540,3adfbc2f-997a-473c-9e1d-d97d38b94188,d8e09a36-5325-4236-a62d-32bd2f59da4c,15.31,15.31,0,0,6,1,0,1,0,1,0,0,0,2.551699485,6851251,0,1
2017-03,1489035844,94be5499-0c16-4163-b27e-46e0c7a4df77,ef4a573a-43c4-4221-9445-b41d142238e5,24,24,0,0,24,1,0,1,0,0,1,0,0,0.966001312,8657343,0,1
2017-03,1489036156,fd92536a-4d5f-4542-9c9d-6aa14f5c085a,ef4a573a-43c4-4221-9445-b41d142238e5,11.25,11.25,0,0,6,1,0,1,0,0,1,0,0,1.876025307,8657655,0,1
2017-03,1489160396,4e935680-7d8f-474e-a8c0-631c31586950,97ab3015-f036-43de-a446-b426bb1c3265,740.23,816,271.24,-347.01,102,0,1,1,0,0,1,24,13,0.964168954,9840526,0,1
2017-03,1489193324,e08439a3-1ca3-4871-81fc-69852c80c2a1,ef49a078-8f3b-4fd3-a7eb-c30bfe803909,89.48,48,31.49,9.99,6,0,1,1,0,0,1,29,18,0.583311833,23740497,0,1
2017-03,1489216198,95222460-c41a-4966-ab3d-3182ea7113b1,ef49a078-8f3b-4fd3-a7eb-c30bfe803909,311.21,133.02,143.2,34.99,6,0,1,1,0,0,1,27,14,2.77238467,23763371,0,1
2017-03,1489376510,678ab5a8-fd98-4bb9-a887-c660d3dffb3c,3056a2f4-9dec-4a47-84b0-e22f8db7de43,137.19,72,55.2,9.99,6,0,1,1,0,1,0,13,9,0.406877321,94543,0,1
2017-03,1489376643,e4d94206-804f-44d1-b964-9dfe191ed5ab,3056a2f4-9dec-4a47-84b0-e22f8db7de43,99.25,72,17.26,9.99,6,0,1,1,0,0,1,6,6,0.572486493,94676,0,1
2017-03,1489512891,16f3c727-b4d9-429c-83d8-87e59b236fc8,8119c189-9cd6-4d06-9aa5-b9ec0482a3e8,409.3,288,80.25,41.05,24,0,1,1,0,0,1,4,2,0.746110743,2457372,1,0
2017-03,1489526726,485e4ad8-fed0-4011-8eca-37ecc01614f1,7947aa8e-d413-4f52-aa76-b87db0505931,166.8,76.19,55.62,34.99,6,0,1,1,0,1,0,22,17,1.587599971,695390,0,1
2017-03,1489529450,0cd683ca-1923-4acd-a4b5-7d7d074561d5,70a9c68d-1688-4a61-b5a9-59a19ef74f6b,475.44,270.24,197.23,7.97,6,0,1,1,0,1,0,53,30,5.630987787,86601,1,0
2017-03,1489541484,55f7c6a5-9d05-4c87-a2df-a69478d3c6ff,ae5525e9-763a-4fce-945b-a13172796e04,258.54,78.3,170.25,9.99,6,0,1,1,0,0,1,60,24,1.63206924,17051661,0,1
2017-03,1489541848,7da13a32-47dd-47a7-b0c3-1bb959e4899e,8a46169c-ea15-4d57-af51-33be4eb5f33c,226.91,137.16,79.76,9.99,6,0,1,1,0,0,1,44,24,1.914501412,10201317,0,1
2017-03,1489608240,f00a0cc9-af89-4700-848a-ad04dbfdaf23,966ff3ef-1a85-4d23-89d9-4a25f2eea1af,4837.78,3091.67,2304.45,-558.34,72,0,1,1,0,0,1,119,39,5.36871454,19364927,1,0
2017-03,1489627201,a2446cc8-573c-4bbe-822c-7b2f053a4288,ef49a078-8f3b-4fd3-a7eb-c30bfe803909,71.84,48,13.85,9.99,6,0,1,1,0,0,1,6,4,0.767593738,24174374,0,1
2017-03,1489628274,cfba7f9e-b51f-4804-93d6-d5d61c1d03f0,65161dd3-ba6a-4611-bdcd-66addf2a4182,457.66,260.58,188.14,8.94,6,0,1,1,0,1,0,48,24,5.428874953,199500,1,0
2017-03,1489702475,496ab891-b27b-4719-ae7e-43aab4ca595f,966ff3ef-1a85-4d23-89d9-4a25f2eea1af,1035.86,816.29,209.58,9.99,18,0,1,1,0,0,1,25,18,5.669067458,19459162,1,0
2017-03,1489724459,9767a351-a4ac-43cf-8379-bf013c26cbc3,ef49a078-8f3b-4fd3-a7eb-c30bfe803909,383.78,239.58,158.16,-13.96,6,0,1,1,0,0,1,33,14,3.993137418,24271632,0,1
2017-03,1490130236,86bab3f2-36ab-47b6-bb72-09ed696955ca,8119c189-9cd6-4d06-9aa5-b9ec0482a3e8,817.41,653.75,415.17,-251.51,36,0,1,1,0,0,1,15,8,1.816817294,3074717,0,1
2017-03,1490130425,6a919fdf-ae2c-4b7f-9001-6c7ce5714343,8119c189-9cd6-4d06-9aa5-b9ec0482a3e8,65.4,65.4,0,0,36,1,0,1,0,0,1,0,0,1.816816206,3074906,0,1
2017-03,1490191105,9af3149e-cd27-43ed-8e21-d9c60ea86548,d95fff48-d2d7-4e28-8e39-3e3b14e5c720,15.86,15.86,0,0,6,1,0,1,0,1,0,0,0,2.64422815,25367513,0,1
2017-03,1490283195,bccf2096-f9e6-4774-9cec-5e73ebe5d46b,a4d01717-1ea4-4c4c-b5e3-36df831d59f3,22.5,22.5,0,0,6,1,0,1,0,0,1,0,0,3.750000178,24014767,0,1
2017-03,1490296107,d1dd19a0-f1c3-4d12-a686-6340c6432259,7e031834-b3ca-4e9e-8881-7b6c773197e4,427.08,112.14,255.53,59.41,6,0,1,1,0,1,0,66,25,1.246500064,26402321,1,0
2017-03,1490699238,173383bb-d908-4444-9864-3c0233124134,c901da77-907f-4d52-a155-dac61c189c0a,631.45,439.08,226.28,-33.91,12,0,1,1,0,0,1,31,19,2.439565814,31561442,0,1
2017-03,1490855082,a7cf864f-a061-4199-ba8c-bbbb1ba32809,557dfa0f-d959-4706-baa0-4a4481a13c49,69.5,69.5,0,0,6,1,0,1,0,0,1,0,0,11.58491243,14987626,0,1
2017-03,1490910542,4243d76f-fd11-4346-837e-b9cd6750541d,aef9af99-00ec-484b-9f87-16d704a75140,562.24,414.9,107.18,40.16,6,0,1,1,0,0,1,35,25,6.915571482,31615636,0,1
2017-04,1491084585,1b7970de-1144-4e46-b243-3f314546dc6f,5bdc0875-31cc-40fe-bb19-55fa088e84bf,12.15,12.15,0,0,12,1,0,1,0,0,1,0,0,1.013099955,30417985,0,1
2017-04,1491385721,119c2f07-d4f0-460d-aebe-c73cb839f193,32b82fdb-7614-4186-a5c5-fe10f4e0c30a,72.56,60,8.57,3.99,6,0,1,1,0,1,0,16,8,0.257249987,4943807,0,1
2017-04,1491419332,ed937491-2923-435a-854f-981ec5cc5703,ca5c74ac-fdfc-45f4-957b-7d47dded2990,34.18,31.65,0,2.53,6,1,0,1,0,1,0,0,0,5.275510158,738,0,1
2017-04,1491452155,f8d39bd8-7f36-4d87-8031-252e4e0be712,b6cd6c69-8950-4070-bf2d-1c0aa33971a3,22.74,21.06,0,1.68,6,1,0,1,0,0,1,0,0,3.510447996,20756859,0,1
2017-04,1491490442,e30aa80c-aca0-4c50-bf56-6d2cee49f701,f57a9809-9ff2-45cf-b40b-ac24a8c20801,855.52,818.64,365.66,-328.78,24,0,1,1,0,0,1,28,14,5.686118224,9224146,0,1
2017-04,1491513885,b59291bf-493c-4a43-b2b6-27f502ceffd1,ae5525e9-763a-4fce-945b-a13172796e04,153.74,60,83.75,9.99,6,0,1,1,0,0,1,15,11,0.793522903,19024062,0,1
2017-04,1491608200,c78f7851-7ae6-4820-9b11-ec1a81ffa706,ae5525e9-763a-4fce-945b-a13172796e04,153.74,60,83.75,9.99,6,0,1,1,0,0,1,15,11,0.990921726,19118377,0,1
2017-04,1491756090,f7134a8d-8461-41b0-945b-0adb9b9dc242,2e836e5d-eb39-45ef-9f3f-ae9b61dbe0a3,506.67,857.69,258.02,-609.04,6,0,1,1,0,0,1,175,45,9.530213927,32188866,1,0
2017-04,1491848948,2f5a95c2-a444-490b-892f-cfbbc137c81f,da633ae1-c155-4906-9d30-db54a746f27a,467.93,275.4,185.07,7.46,6,0,1,1,0,1,0,63,16,3.060007665,19873379,1,0
2017-04,1491872637,533c58cb-2732-4da8-a37d-eae5c9d2f31a,17ee07b1-dab9-416e-afba-8edcfe8e7ac6,474.15,334.44,198.36,-58.65,6,0,1,1,0,1,0,59,28,5.57432143,300762,1,0
2017-04,1491936594,8d67b2d2-b16d-4b52-adb8-edb453e44f2d,ae5525e9-763a-4fce-945b-a13172796e04,271.23,97.91,173.12,0.2,6,0,1,1,0,0,1,63,26,1.63206924,19446771,0,1
2017-04,1492427682,f39a5361-2d5a-43df-b5fc-7525e4310d73,dc0728f1-d986-403d-b065-c8b6015dc53f,454.23,300,169.23,-15,30,0,1,0,1,0,1,14,7,0.970717032,7793302,0,1
2017-04,1492561093,68d25240-15c1-4e28-b495-13819031064f,97ab3015-f036-43de-a446-b426bb1c3265,402.65,398.4,213.37,-209.12,24,0,1,1,0,0,1,49,22,1.660012055,13241223,1,0
2017-04,1492561498,dcc5df00-89e5-4ac4-a3bb-a4589c57e3ba,97ab3015-f036-43de-a446-b426bb1c3265,3947.79,4880.4,1741.61,-2674.22,294,0,1,1,0,0,1,24,13,0.964168954,13241628,0,1
2017-04,1492714765,ed7459ee-c0eb-469a-9ff3-858fd4914586,1ff03992-701b-4f78-bca3-8c26c82dd1e6,507.74,350.87,146.88,9.99,6,0,1,1,0,0,1,44,25,5.848038935,16669259,0,1
2017-04,1492761201,6ef1ac3b-c802-4904-a749-10269a37f945,c901da77-907f-4d52-a155-dac61c189c0a,131.88,60,36.89,34.99,6,0,1,1,0,0,1,16,15,0.644545281,33623405,0,1
2017-04,1492771832,b607e4ee-9101-4b1d-a690-e9264740f964,92565f5e-c5aa-4574-bb66-1908923e53a9,39.07,39.07,0,0,6,1,0,1,0,0,1,0,0,6.513099812,29030107,0,1
2017-04,1492810077,f0e3cff2-f259-4b54-80a8-a2d731566c9f,da633ae1-c155-4906-9d30-db54a746f27a,244.8,109.5,100.31,34.99,6,0,1,1,0,0,1,22,17,1.82591182,20834508,0,1
2017-04,1493220953,3013ee18-b29d-4d7c-99a3-a0796326f814,32b82fdb-7614-4186-a5c5-fe10f4e0c30a,95.16,60,25.17,9.99,6,0,1,1,0,0,1,39,19,0.606316,6779039,0,1
2017-04,1493222481,ead1d70a-07b8-4035-8afc-59050905e184,8a544d53-3fe0-4d88-801b-5c1478055ca6,6.53,6,0,0.53,6,1,0,1,0,1,0,0,0,0.33953422,17012454,0,1
2017-04,1493222715,7e64778d-4d89-4130-ba88-28c8be056886,73dc6572-69eb-4f37-acef-feee3166e418,409.12,180,194.13,34.99,18,0,1,1,0,0,1,30,16,0.977708581,29025257,0,1
2017-04,1493226265,e1e92da5-791a-444a-87ed-4b65313fb5d7,73dc6572-69eb-4f37-acef-feee3166e418,786.95,601.8,175.16,9.99,12,0,1,1,0,0,1,39,16,5.015872176,29028807,0,1
2017-04,1493236087,304423b4-f6f1-4927-8c46-711fd10a61f3,8a544d53-3fe0-4d88-801b-5c1478055ca6,132.15,60,50.57,21.58,6,0,1,1,0,0,1,5,5,0.33953422,17026060,0,1
2017-04,1493389270,4a35c24d-99f4-45ee-9b73-0473cf05361e,97ab3015-f036-43de-a446-b426bb1c3265,2062.93,2940,729.94,-1607.01,294,0,1,1,0,0,1,24,13,0.964168954,14069400,0,1
2017-04,1493509588,0b272f8e-98e1-415b-9b42-8a49f29fa1d3,45f4fe9d-9d29-4751-b219-2b11bc231367,34.74,34.74,0,0,6,1,0,1,0,1,0,0,0,5.790303086,282781,0,1
2017-05,1494017747,518df8f1-0142-43e2-9d91-94b5a547010a,3d3ecc0e-8f98-4679-9527-79c2d033d441,132.09,90,32.1,9.99,6,0,1,1,0,1,0,12,7,0.723298916,6896,0,1
2017-05,1494299189,dddfc1ca-1246-428f-91bf-50850a67ee75,ef4a573a-43c4-4221-9445-b41d142238e5,30,30,0,0,30,1,0,1,0,0,1,0,0,0.966001312,13920688,0,1
2017-05,1494300074,bbd32871-78d8-4f14-8c2f-7b70b974a3e7,ef4a573a-43c4-4221-9445-b41d142238e5,17.44,17.44,0,0,6,1,0,1,0,0,1,0,0,2.906750331,13921573,0,1
2017-05,1494351787,2e4f5765-1d11-4d13-b923-67524089b1b6,1f329e9d-483d-4272-a39f-c166bff99ced,40.56,40.56,0,0,24,1,0,1,0,0,1,0,0,1.690307506,24639586,0,1
2017-05,1494359390,9e728b28-f9c5-49a7-8eef-7f2abe44c7ce,ef4a573a-43c4-4221-9445-b41d142238e5,6,6,0,0,6,1,0,1,0,0,1,0,0,0.492528603,13980889,0,1
2017-05,1494568593,b7b19749-e3a7-4701-abab-061c4819b0af,e3031716-14b5-47bc-86a0-9c0735bdca14,331.1,117.12,203.99,9.99,6,0,1,1,0,1,0,39,20,1.3015535,1080224,1,0
2017-05,1494568638,489e1d9b-2032-44d1-b3d5-e5a80176dacc,e3031716-14b5-47bc-86a0-9c0735bdca14,126.62,90,26.63,9.99,6,0,1,1,0,0,1,4,4,0.265061051,1080269,0,1
2017-05,1494612908,a47b837e-a7aa-434a-99bc-7c40401f33eb,ef4a573a-43c4-4221-9445-b41d142238e5,6,6,0,0,6,1,0,1,0,0,1,0,0,0.821499987,14234407,0,1
2017-05,1494615304,7c297ee6-3570-4355-a348-fcc9d18f7bcd,e1a3a920-5912-4e2c-90ed-c9eb7b72648f,35.6,30.6,0,5,6,1,0,0,1,1,0,0,0,5.100756705,7820,0,1
2017-05,1494825774,ec779a9d-8c26-40d9-a0b4-3cae2b165014,e640d314-c500-4756-84d4-43e89b3c08bb,1253.17,519.59,545.62,187.96,24,0,1,1,0,1,0,41,25,1.443872757,213754,0,1
2017-05,1494857603,e35f70b3-86f2-4bfc-b7c5-80c8bb5017ca,8119c189-9cd6-4d06-9aa5-b9ec0482a3e8,491.06,246.24,259.07,-14.25,12,0,1,1,0,0,1,12,8,2.052291988,7802084,0,1
2017-05,1494980904,1a481dd3-4eef-493c-b778-4868d128edaa,966ff3ef-1a85-4d23-89d9-4a25f2eea1af,1806.05,966.24,754.82,84.99,18,0,1,1,0,0,1,119,39,5.36871454,24737591,1,0
2017-05,1495517600,8d06c3d5-7692-4bb5-996c-d989b10e8bd9,c2eb934f-b1b3-45a4-82fb-d151618d1f02,305.83,129.6,136.23,40,6,0,1,0,1,1,0,84,31,1.440177386,1132648,1,0
2017-05,1495517873,efd32079-13fb-4415-bc5a-0f073cbf6878,c2eb934f-b1b3-45a4-82fb-d151618d1f02,116.39,90,11.39,15,6,0,1,0,1,0,1,8,4,0.273319858,1132921,0,1
2017-05,1495641390,3726bd2c-b7b2-45e6-bb5a-20385b164d82,dca5a52d-3246-4cb1-9b7d-37b03f3ca748,46.46,46.46,0,0,6,1,0,1,0,1,0,0,0,7.744694112,99476,0,1
2017-05,1495674366,7f658378-1e97-4e7f-be65-c0923b696e03,dca5a52d-3246-4cb1-9b7d-37b03f3ca748,40.5,40.5,0,0,12,1,0,1,0,0,1,0,0,3.375600105,132452,0,1
2017-05,1495930750,45a2c992-f93e-47f8-819c-e8a62538155d,bac6a87e-a739-4c98-96a8-8363b2aedfbe,6.49,6.49,0,0,6,1,0,1,0,0,1,0,0,1.083138121,31681454,0,1
2017-05,1495937987,40ab1e5f-7b73-49db-945c-e0dfcf970996,bac6a87e-a739-4c98-96a8-8363b2aedfbe,14.8,14.8,0,0,6,1,0,1,0,0,1,0,0,2.468014166,31688691,0,1
2017-05,1496109437,dfc6dbe2-ee9d-4c2c-8ac7-e165fe474ffa,2e312010-f599-40a5-bef1-56d07be655fe,16.99,11.99,0,5,6,1,0,0,1,1,0,0,0,1.998976258,17196379,0,1
2017-05,1496175883,44cfa639-17f9-4236-91f5-0edd9cd15643,76bd06e0-fe94-4aa0-8b4a-8d962f81eb80,933.84,312.83,561.02,59.99,12,0,1,1,0,1,0,56,25,2.607818972,349199,1,0
2017-06,1496434361,258a590a-53c9-476e-9918-6d72458ea0b8,ae5525e9-763a-4fce-945b-a13172796e04,399.22,196.32,192.91,9.99,6,0,1,1,0,0,1,67,28,3.272853624,23944538,0,1
2017-06,1496518097,93001d83-7552-4983-b35e-f5c624130f3e,ca5c74ac-fdfc-45f4-957b-7d47dded2990,28.88,26.74,0,2.14,6,1,0,1,0,0,1,0,0,4.458148243,5099503,0,1
2017-06,1496669732,611a7bc4-d49e-4bcf-a1e2-533017d84967,34b43abf-bc7b-45ee-9529-9ea04652065a,164.31,164.31,0,0,6,1,0,1,0,0,1,0,0,27.38658512,31453708,0,1
2017-06,1496692658,e59032de-8cd7-41c4-803c-9a62ce38bf05,8a544d53-3fe0-4d88-801b-5c1478055ca6,132.2,60,50.62,21.58,6,0,1,1,0,0,1,5,5,0.211506392,20482631,0,1
2017-06,1497273617,545a80da-6ac3-4e12-bc6b-2a8006372574,ca5c74ac-fdfc-45f4-957b-7d47dded2990,201.89,144.12,62.19,-4.42,6,0,1,1,0,0,1,19,16,2.402495457,5855023,0,1
2017-06,1497303647,5067920c-49e3-40a3-a939-59a9333fd4b7,e640d314-c500-4756-84d4-43e89b3c08bb,1095.58,468,596.07,31.51,30,0,1,1,0,0,1,26,13,1.040640028,2691627,0,1
2017-06,1497377549,ce29f3bd-883c-48c5-a2b3-8b7e7ad1e395,4282e12a-c677-430e-8675-151421dc596a,196.12,137.16,48.97,9.99,12,0,1,1,0,1,0,2,2,1.14332532,29468636,0,1
