,date_active
,max
user_id,
0004708b-7159-4f64-9b28-d725d00c23a8,4/11/2016
002d4cb6-8241-4797-94a7-66c4c9aa7de2,6/2/2016
003f617c-0416-4c9b-a790-7092a191d54c,10/6/2016
0042aad6-26ae-458d-9e5b-acb9c29a7a34,5/24/2016
0069750b-99e3-4ab0-8309-40a8a5777ef3,4/14/2017
008a7067-6ed5-4b85-9c4b-222ecd71ca71,8/4/2016
00cd9313-dd51-488f-8921-259edc67902c,9/26/2016
0126a0e7-5021-4d84-9663-3723b46b9ab5,6/8/2016
0139f36b-a66f-44e9-ae89-0ff631c6b78f,8/14/2016
01573f6e-bedb-444b-a893-cbd3c41d1440,7/22/2016
018a8a4d-af18-4738-bc2f-d49655cedc81,4/17/2017
01d21f0e-aa75-4eae-aadc-6b834e968822,5/24/2016
01da7130-eb5a-4c08-920d-cd779f65bada,7/8/2016
021abf1c-87a9-4aaf-afad-2d82aea548a5,6/22/2016
022a2784-773b-4a74-9f5b-1416eed3cc8e,9/6/2016
02413cb9-5369-4d08-8aa5-7da082697d76,5/29/2017
025fc285-6872-43d9-8f31-758dd9fcc8f6,5/30/2016
026527c2-9999-4d1b-b23d-a63a0c39913b,4/19/2017
02a2e0cb-088b-45e4-8326-4c043c2b3987,12/29/2016
02d61d96-5c73-4f2c-bf9c-261f24a72e2d,10/6/2016
02d864b9-0f36-4791-886f-bd6b886b7db4,2/25/2017
02ef0030-cbb3-4060-8810-8099e9707140,2/22/2017
030588b0-8f39-47be-8a33-23394dfc73e5,5/26/2016
033d0d0e-fe54-4bb7-97ca-5af3f15f9dae,3/16/2017
034eafd0-a6a1-4923-8564-3aef33e2858a,6/1/2016
036bb865-6318-471e-94bb-5d9abd0534f4,7/29/2016
03b63ddf-3ab1-4383-9603-eb9715866d73,5/12/2017
03dbca50-57f2-4214-95c5-965ddf06dfb1,8/16/2016
03eed1f4-61a7-466f-8e55-703ae6d8252a,3/14/2017
0449aa9a-e5e5-4a2f-89dc-ff682916efe8,6/7/2016
045b2df9-2d1e-4edd-bac1-29a9ec164e6f,6/30/2016
048c2852-e5d4-4d77-b1c4-f1bcee03626d,3/2/2017
04bd48a2-00d1-46e3-be65-cbb8bae6cd26,2/5/2017
04c97081-c966-4675-821f-9fc69ae82727,6/24/2016
05676cc1-5302-43c3-8830-550147c75ffa,10/22/2016
058e7428-1bc9-452b-aa22-2ce3f493c2b5,12/29/2016
05b191be-4e47-4573-8409-55d1d696ac5a,10/7/2016
05c6b199-3d33-4a22-82ef-0961578d5287,11/15/2016
05d9dd85-da5c-4fd1-88ac-4b321cd63cd0,4/10/2016
06226942-5153-4dcb-9c4a-3d31b5b5d3ef,2/28/2017
062d67ef-000a-44f8-ad34-c717dadb7d9e,1/17/2017
063bd5e7-d2db-480e-adf1-6089532a9fa2,10/9/2016
06716030-8e70-4945-8921-dac9d5a95978,5/30/2016
067d9e4c-f747-4f4f-bd90-f3f0fae91885,6/23/2016
06ac11e0-7d3f-451d-bbcf-1dbfd8b24b64,3/30/2016
06d42a65-0d71-4041-88f8-a85b50dc6c0e,4/9/2016
06f772c7-8f18-41c6-b56b-4a765c8d3a9e,4/6/2016
06fbd751-d6e9-4fa3-991a-16c643e38abc,6/30/2016
0711b7f0-b2a7-4450-b62c-93e6b82ce2c5,8/9/2016
072b15f4-1360-4b10-bde6-26d1c7ada8c0,12/6/2016
072b68fe-b675-4018-b2eb-60d996d195ca,3/29/2016
07456fe6-ce82-4598-abd7-82e291c04e2f,8/1/2016
07578356-7cc0-4a4c-9248-7eb97518f564,12/15/2016
0785c6bb-1cb9-42fb-85cf-ec09609aea35,5/4/2017
07af3ebf-7bfb-4802-a9e5-0e4538e19d94,6/6/2016
07dd9f66-5a85-45db-bd7c-c6f3f050b4e1,11/23/2016
07e244a4-1b8a-4a1f-8779-31a0b481c87d,6/17/2016
0855feb4-2092-4e68-b5ae-77d7a531444e,4/11/2016
08726bd7-b463-4ec0-ac82-080e057240ea,4/19/2017
087b6054-241f-47e8-b3c6-3033fbb7a279,5/12/2017
08ac6078-8c10-4a08-9fce-d2addc56a4bd,4/23/2017
08cbba94-c63c-4228-8e40-eec88b6f517a,6/9/2016
08f4fd22-5b3c-4546-a233-6518e574052d,3/20/2017
09440646-933c-411c-b3a1-ad48b5a255d3,11/12/2016
09487dc6-388e-479b-a4ab-73a8fcbe0fa8,6/22/2017
09707ce8-1089-4a95-b78b-1d96750027fc,10/20/2016
098171c6-e09d-4b4c-b422-31cd7f43890b,10/6/2016
0a4b49db-b165-437f-afef-bf62c4ad7f41,6/14/2016
0a9e7040-eab6-4ce7-b42d-0ee109f6bb5c,11/3/2016
0aac806f-1f9e-4a7a-8610-abd6de0d4b20,12/30/2016
0aad5bb9-b3f7-44e4-8f48-8d1a92b263d2,12/29/2016
0ac7f3f5-0c38-4153-ae79-58e20f226b49,6/17/2016
0ad31a25-8abc-4c08-9262-dc062edaa892,10/21/2016
0ae21fa2-21bf-4ce1-8210-a2f6be4e0296,5/24/2016
0bd389f6-acdb-4bc7-8bfa-e956170b26d6,8/30/2016
0bdeb5d5-6ef4-4181-94ab-55f198c064be,5/8/2016
0c0051f0-2f6d-4c0c-9a60-e15cfe4ea282,10/9/2016
0c065581-1854-4471-9581-cb8b5013c5ff,7/7/2016
0c1bc213-160d-4364-85a9-f1fc5e681126,5/21/2016
0c9d5b6d-a867-47d5-af9e-174922c217db,11/26/2016
0d250ce7-94c6-48cb-9ab1-42dd2e16fa58,6/7/2016
0d40dc24-260f-4f4c-a83e-61da8eccc4d1,5/20/2016
0d5437bd-dbf6-4bc1-8dc2-ba86b04b3990,5/20/2016
0d696ef5-4bb3-4ecc-9255-894a84ffcccb,2/1/2017
0d96c370-4c18-4223-8317-98db8096a72d,5/16/2017
0e45609a-e896-4d03-b78d-4ce4ac42f7f3,5/12/2017
0e826c7d-801f-4d27-af58-5d5f72aaec4b,5/20/2016
0f1cf103-301f-43b2-b920-015f14c608f7,5/16/2017
0f38f710-f6a6-4a80-a0dd-1b66fda7ce31,5/26/2016
0f696031-e866-4720-9f7f-b30623298063,5/23/2016
0fc3e06e-2988-4c5d-8805-0dad657e5234,3/8/2017
0fcd2023-2aeb-4b77-aae3-b5df5f62af2b,4/10/2016
1010bd69-ad60-407e-9e82-f143db7d23a0,11/9/2016
105c2787-ca62-4976-a6de-08be0543638d,12/9/2016
10a27762-1faf-416f-bfd8-920e3973ac29,5/15/2017
10b8112e-b009-41ff-a30b-c68a1c8e0a0c,6/7/2016
10bab08a-c7c7-4fe0-b81d-c72b885bbb8f,8/15/2016
10f0f133-fc5d-4f8f-ae55-54bab385df6a,1/13/2017
11140b68-205d-417a-996e-d2702d385b18,4/10/2016
11151bc8-abb9-43f2-8f44-83fe5fcb2b7b,7/13/2016
111b6589-e398-498a-888e-dd2b3b107532,9/21/2016
113d5050-719a-462c-8bc2-71da3780c01c,6/26/2016
1162fe01-4c15-4f2d-a3bc-c4f47727d93f,6/6/2016
11922881-e751-4866-80a8-36736b6749d8,7/24/2016
126463f1-208a-4e14-942f-5ed640ba4054,6/1/2016
126b4715-32c3-42db-a173-9ab44512a1e9,6/20/2016
127753e9-08ff-4449-93f1-30844ade8a31,7/8/2016
127cd704-38ff-4af2-ba24-33b7d8487044,5/26/2017
12ad01eb-3e48-497a-a4f4-f55c659a22e3,8/22/2016
133f3b30-6bae-4b3e-9d42-33b5ed191b5e,7/14/2016
134e3106-85d6-42d0-a40f-d49d1df049f6,3/23/2017
1382d4f9-05f9-4f3c-8c2e-4eec6ab7f364,5/26/2016
14fb23bc-9fde-4096-b9fd-110b25af791f,9/16/2016
15320efe-529e-48df-a147-d7e8ee75f5fa,6/10/2016
159565df-ff88-450a-ab91-b50954b24870,7/3/2016
15add468-7dc8-4dcd-a05d-c9b2586a8e8b,6/22/2016
15b3acd7-49f5-40af-8bcf-103b4b8a7161,5/24/2016
16a086a6-b7d8-4e05-8a35-3691992bc591,10/5/2016
1702a600-bd4c-446c-8cd0-ab7861a93900,7/6/2016
171be431-f5d0-4cf1-8dfa-1973830df67a,5/22/2017
172a44a0-17fa-41e6-9754-a5933de279d9,8/28/2016
174d56bb-a35d-45b5-8fdf-7594f43f3fae,10/12/2016
1764573a-d1e2-4d7b-b5b6-0b26485d4125,6/8/2017
178b7944-743c-4d22-8233-a9f531ac144d,3/22/2017
17b268af-6fd9-4c47-a0d5-7aa9efc54821,5/26/2016
17bbb070-8bc4-4353-90ae-e8fc091a4966,3/6/2017
17ee07b1-dab9-416e-afba-8edcfe8e7ac6,4/9/2017
1838d0ec-230c-4ee4-82ff-8891817465bf,5/25/2016
1841adb1-2a97-415f-97c7-0e636da39c1d,6/24/2016
18a541f9-7eeb-45c2-9354-9dde156b4dd7,5/23/2016
18ccad94-756a-47b2-bc1e-eb620dabaf55,10/6/2016
18f077c8-f331-4fad-b08a-66268a9b8599,9/28/2016
18fc67fb-1e97-411b-bffe-55fdca7dda87,3/6/2017
190595cd-1888-414c-8bb3-7ab257e5e559,3/18/2017
195f2cba-30f6-4f70-a251-831904b7cf32,6/5/2016
19afc0f7-ca89-4e89-885b-4be3549c1500,5/10/2017
1a10d160-8adf-45aa-9a78-054b6d0b3126,6/6/2016
1a120fb2-510e-4f82-bf53-9d606243b704,6/15/2016
1a2ee468-8037-44b3-9a03-d01d46969629,6/4/2016
1a2ee5f8-5a10-4349-aafe-50e9577cef22,12/23/2016
1a58f416-3e7c-4c13-907c-13bcb5310b29,8/28/2016
1a6167ce-9838-47c2-89f0-54e335991724,3/11/2017
1a6b4cfb-77aa-42c7-8c58-4e9cca6a464c,12/16/2016
1a9b1b65-c5db-4e5c-8173-909dd5a6d220,5/1/2016
1ac50fb3-f4c8-4f89-b1b4-6e445ac611e1,6/22/2016
1b59a028-c92b-476a-933e-b379c06c5bec,11/1/2016
1b738d5e-0b15-4c9c-942a-d8b8dc530359,4/5/2017
1b76d206-7e89-4669-8117-0309704af06b,9/21/2016
1b7784a1-2068-43fd-a0be-120a22217cbf,11/14/2016
1bbc3ee6-562e-4c33-8f28-15f9be481f49,9/27/2016
1be705af-9601-4c9f-bc6f-256bef9fde9d,6/17/2016
1c549a37-f54a-4bd9-a291-ef1aedf29141,7/5/2016
1c6d997d-1ea3-4ef0-992b-b56f69270f1c,5/26/2016
1c940b8e-f317-4af3-9f87-2d71b4b39a6b,5/30/2016
1ca6e391-6bab-4df5-97ab-4cb1f35167de,8/3/2016
1cb2a363-2129-47a2-8407-648f482f3479,2/21/2017
1d86261a-a89f-4569-a62c-1a288a240331,5/20/2016
1d97b24a-2f23-448b-baa5-1fd560a48535,1/10/2017
1dc08e7a-57ae-4eb7-a672-305b78b030ff,8/14/2016
1ea117e4-5cfb-4d91-98d0-9af0e73c0b93,6/22/2016
1ebfec83-9620-487d-8230-cce904a42226,2/9/2017
1f224ee0-6909-4476-82fe-f275cf391fad,10/20/2016
1f329e9d-483d-4272-a39f-c166bff99ced,9/9/2016
1fabe096-ea7a-4314-84ec-9cb1fc9ae464,9/8/2016
1ff03992-701b-4f78-bca3-8c26c82dd1e6,5/11/2017
206f6dfd-22d9-44ea-be13-79e126ead5fb,10/11/2016
2086aa52-c51b-4f38-a52d-ac33c60bf349,4/14/2016
2086e29f-9192-4f3a-85a1-7897c85701ec,6/7/2016
20d63ea8-bfcd-4a84-8e4c-94c675777c2d,12/30/2016
216dcb07-cbe8-4d18-8434-47bd49842cb2,6/30/2016
217ce13e-9296-42e8-b05f-71423bae9722,5/12/2017
2180e1ec-8a69-4fa5-93c2-640070411ace,2/16/2017
21d20f86-73be-4d52-bfe8-26c6e15e43a4,5/22/2016
2249bd4a-6960-412d-b263-1fd0d341865b,10/24/2016
224fefb7-bc20-4ec0-a204-b6f1a41260b0,4/4/2017
225cdac5-5515-4269-8b32-28f86dde4af9,7/6/2016
2280b98f-d990-4bb8-b824-6a819aecae8d,5/25/2016
228615b1-50f5-4a75-877a-cbf3b06f2b3a,5/16/2017
22e8ef2e-a757-45b1-859c-db33061735aa,7/15/2016
22ef4b51-c35e-4a6f-b285-80f0d0bca450,7/3/2016
2310b247-cf85-4cf5-ac3f-ef3fa4571c63,6/9/2017
231d3094-19b7-4379-b0f8-e602db51a950,7/1/2016
235d8c7c-f8c0-4e72-91a5-fe19e286fed2,6/3/2016
236018a0-4f00-4be7-9765-b69822bfc7d9,6/1/2016
236f2afd-c3ef-49b7-97a5-f7c38da5fef2,11/18/2016
238080ab-a3a7-407b-86cb-a5709e3fe4e4,12/13/2016
2386d2dd-c0d9-49d6-ab6d-4ed9d2384ced,3/29/2016
2398e07a-391e-4746-8fa1-8325359de6af,6/14/2016
23d6d05e-5c17-4ee4-b057-d28ee9fe3ad8,12/6/2016
240ea3dc-e45a-44b0-b01d-94aee32d21ea,4/25/2017
242c97b6-3447-4b38-99e1-0187b676930f,6/20/2016
246177f2-113e-4fa8-8b3b-429cad69b5c5,11/25/2016
2495d3b1-fb4d-48d1-8583-79ff787ce0b4,5/22/2016
24db3ba2-6c5f-43af-ad40-34302070f988,2/16/2017
24f5959b-2c5e-4189-8c66-3bbd9a5bed80,8/24/2016
255bf322-ea5f-472e-8845-b1daa4ba5482,6/1/2016
25b80267-7419-4a17-9e49-49f0b24b0184,5/24/2016
262f9ed5-77d2-4385-a1ca-9e5d18be470b,6/28/2016
2632661e-1784-4fbb-ac2c-352bfdaf2f2d,6/20/2016
264b2835-febd-46b1-bb5e-378c01c9ee86,2/11/2017
26c50605-08ba-4ff0-9407-14343259740d,3/1/2017
26d76a65-3bd2-43b4-8c7d-8ce4b157a1b7,5/31/2016
2706d881-7285-40ee-833f-28b835d55ebe,5/25/2016
2709a942-cdc2-4c78-9b2f-c3ee237ba00d,5/23/2016
270fd047-6245-486f-a09b-674bb441ebfc,4/13/2017
271e2d90-85ea-478a-a1af-510c0d63b236,11/3/2016
27510353-be1f-4d1a-8559-b2ecbb80d34a,1/5/2017
275daadb-8ebd-4d9a-b026-49565b63d800,5/23/2016
2761b2b2-81f9-409e-bf2f-185bbc97a7c8,4/24/2017
2779675a-36c3-450b-9ec0-3115c836d878,6/19/2017
27ae326d-c062-4e22-af9b-1aef8f85ba81,5/30/2016
27e212fb-06f9-4511-a671-edb0d68864a8,2/22/2017
27fb8caf-84a0-4028-ae65-3411658d2e30,9/25/2016
2803b135-0da2-49b9-8e61-9f89e64cbe79,5/12/2017
286dfaa7-e63c-4914-be80-4afa2b2c2489,9/7/2016
28821217-6981-490f-8134-41ad6968f660,4/20/2016
289ba651-54b6-4bbf-af7f-2b1fd6faa182,6/21/2016
28bb9222-7e08-445b-be85-91c6388b32c3,10/31/2016
29099b34-5a16-4a94-9c7c-b04b2abf2857,6/12/2016
2918e2cb-b900-4e15-bf42-97915f28b387,6/21/2017
29399e27-d3ad-427b-be75-76c801c2a7ba,4/3/2017
29706427-1106-4ce3-942d-94db8276cdaa,5/28/2016
2983a639-f096-4890-8695-88ff65236b0b,11/14/2016
29b9c11a-11ea-4e6c-9c6c-2731c6a90d2a,6/9/2017
29e39843-230a-4075-aa28-b050bd8799c5,1/28/2017
2a198d01-2bfe-40d9-af49-89996e81de74,6/1/2016
2a6a57a6-80ec-4708-9af5-00b244536c35,3/6/2017
2ac0ed07-657f-438c-bb55-3f244fc42803,5/24/2016
2af64228-f5ce-471d-8c14-abdf98720625,11/4/2016
2b402f7a-e59c-4909-9fce-5f4aeb8d6982,12/12/2016
2b453d91-1aec-42f0-a913-6814b1c92a96,4/11/2016
2b8bc1cc-09a6-4720-bb51-9f8e6932cab3,6/8/2016
2b94d540-7b75-4fea-9920-08d81a8cf003,5/20/2016
2bf49407-cb46-4b62-9278-68cc8986e332,6/27/2016
2c23d13f-e62e-4353-a0f6-e308cb504233,12/8/2016
2c285a64-5bf8-442c-bc48-ee75fd590ac8,5/3/2017
2c33fdb2-8d1f-48c9-a44f-9d0e77061d4a,7/16/2016
2c670035-91ca-4894-8506-4564028ecf78,5/25/2016
2d21f785-a946-4ff3-8f39-babcdbbfdb87,12/8/2016
2d2fdaff-e249-446f-85ee-e37dd494b1ef,5/26/2016
2d5540fc-4bf3-4f24-ac29-1e15b1917292,7/20/2016
2d91bc44-8923-44ad-a3cc-d48b0fa6c234,5/31/2016
2da1ba72-470b-49b5-bea4-76cfcc906094,5/23/2016
2dadee4e-9bc0-40b6-9215-a8ecc7946564,6/3/2016
2de2dba7-db87-4000-9ba7-b4068b6a5a68,7/7/2016
2dea394a-9f95-4135-8e80-1ffc8a85e900,8/5/2016
2deaed13-7036-4307-baf7-8ff665bce57d,5/23/2016
2e26c166-033b-47bb-8be2-824cd0982004,2/27/2017
2e312010-f599-40a5-bef1-56d07be655fe,5/29/2017
2e492077-8bbb-4929-b3ae-839d6dee8993,2/21/2017
2e4ae94a-90ef-41d6-843d-6636e9cb0995,6/15/2016
2e4ce42e-bd33-4ae6-967d-b4988e8a3b1f,1/23/2017
2e5fe3bf-9bd6-498a-9c69-6991912bc3a6,5/26/2016
2e836e5d-eb39-45ef-9f3f-ae9b61dbe0a3,4/9/2017
2ea76101-b46a-419f-bd2b-5abf7edeec42,8/11/2016
2ea85fa7-812b-4d72-9389-e574d00e34de,6/4/2016
2effb971-09d9-479f-a7db-5f57ce3a25ac,6/29/2016
2f233bfc-7f45-4c95-bf6e-23e02231a9b1,5/19/2017
2f5de768-4313-4098-aabd-b2e4c24e40cc,6/22/2016
2fa5c3a3-629f-42e6-99bc-6d13af5243ec,7/17/2016
2fbe6d50-93d5-419b-beac-a32a3bd81664,6/8/2016
2fca2bff-619c-40d8-bf54-10b387dd4434,5/23/2016
2fff6123-de6c-472d-8275-238a1fe6133f,4/1/2017
3024090a-dfa9-4280-bccd-5e22a5dce363,3/16/2017
3056a2f4-9dec-4a47-84b0-e22f8db7de43,3/12/2017
3092a8c1-444b-4523-9bd2-0c31a36ab15c,8/10/2016
30971030-f71e-4335-9f10-2e0b111f3e2a,4/9/2016
30995450-1c94-4e33-80f7-17086720f4d1,3/9/2017
30b6ce2a-d1ca-4bba-b400-ecd87b1c32af,6/30/2016
30ec7bad-6454-410b-b655-cada42dc562b,5/24/2016
3110ffd9-8164-454b-b914-2f3a89c79ad9,6/9/2017
311aa854-d112-4178-9f80-fc89979d8c48,6/22/2016
31429d94-43ec-4d86-8439-2c8dd7935898,2/25/2017
314edf5b-c5ef-495a-bffa-30bde7943828,12/21/2016
3152b54a-238c-4d0f-a974-01974bc294f9,5/23/2016
319260bc-4033-4cdf-985c-643227e2a109,9/27/2016
31942b2c-8fd5-4e27-8f1b-ba7a45677926,10/6/2016
31984cb5-353d-42f1-a9b4-4b9fdc870033,4/26/2017
319e4077-19ff-4200-899c-192881ef6d33,11/15/2016
31aabedf-1830-47d0-94e6-7cac50b50f53,5/25/2016
31dc6a03-26a7-45e8-9ace-3caf7904722a,11/11/2016
31f15a2a-f522-4ea8-ae16-70703194342e,3/8/2017
3220d85a-245e-4000-9ddb-30b4b1890e88,5/25/2016
3254358b-ffb3-472c-86a9-cb5de675d9b4,3/29/2017
3290a064-d3c5-47b0-aab1-69b7da939bc5,6/24/2016
32b82fdb-7614-4186-a5c5-fe10f4e0c30a,4/5/2017
332cd143-83dd-43cb-a984-a419555e2957,4/17/2016
33317068-29e9-459f-9a6c-40baa3b4d681,4/27/2016
339edd93-8f64-44a2-963e-8ca83bacc0bb,9/8/2016
33d37584-0173-4663-a793-721a5476a09b,6/7/2016
33ddb384-2e4f-4382-9ade-e55f58a9874e,6/27/2016
344861ca-4afa-421b-9766-6110a6853424,7/20/2016
346ebf3d-6696-4c4b-93e2-c616bcc33840,6/6/2016
3491880a-fc71-4c59-93f2-1130529ee512,5/27/2016
34b43abf-bc7b-45ee-9529-9ea04652065a,7/6/2016
34f88a6d-d16a-4c07-96ab-5f6bec263e61,6/25/2016
35044ee8-bbea-4988-892a-b52abac9d125,4/25/2017
35842a69-21bb-4b2c-a44b-f8a8aa9bb9cb,9/14/2016
359c54c4-b2a2-4b44-b7fe-6701fb49adb8,11/4/2016
35a8750e-282e-4f77-a41a-6fa1d87a157a,1/27/2017
35d00a16-b931-48e7-a119-01cfb03fc415,6/4/2016
35ed3893-6d6d-44af-b751-1de3e4b73dce,9/14/2016
3621d918-61fe-47fa-b6f1-43e84b4a3ae6,10/27/2016
3638b338-e4f6-4656-adb7-d5a2e0eb1356,4/4/2016
36541bce-7147-4bef-9cc0-dc8162a60fa6,7/2/2016
366ec904-ed67-4083-a1fc-9c6c07a123b3,5/27/2016
367039c6-650d-49a9-9568-0e78a75e8caa,2/13/2017
36903878-7ea3-41cf-9571-7b7d0069e44d,8/1/2016
374ada72-490b-4f90-b7ee-b1c7c6a1ce63,7/18/2016
377ae002-575e-48da-a50a-f1434a2eabb2,6/13/2016
37857fc9-a214-4bc7-8ed1-6104e0961049,11/16/2016
37ab4acc-89e6-4581-9ec2-bf1df8b83fe9,4/6/2016
37b51fe4-a087-4114-8d54-d62bd80d96bd,5/24/2016
3848bcd8-f426-43e8-bc16-e27427e150ca,6/29/2016
384b766b-6157-4248-b028-13e4fb2c833c,6/7/2017
38727019-37bd-4b27-9e76-e13356e541f9,4/16/2017
3879aab8-45fb-47e8-b837-6301fdf0d599,12/8/2016
3971db4f-960f-46ec-95a0-19466c16f607,7/9/2016
39864498-9e6a-4be8-92d0-4c6e8849ae19,4/26/2017
398e7691-1e17-44f0-ad5c-81f023707d9e,4/3/2017
399831d4-28a3-4d14-b5de-8548cf3d9db9,6/17/2017
3a1c337b-2266-4d06-af78-b4e65a2c2860,4/6/2016
3a32e501-62a1-499c-bed7-5bd348513999,5/27/2016
3a613946-7b5b-4505-96d7-8629b91e7781,5/2/2017
3a7ffffd-f743-44f2-9c1b-049c4588197a,5/30/2016
3a9e8b45-0d53-4ecc-93bf-dcb10cbaef65,6/22/2017
3adc8cf2-060d-44d0-9743-22529dbdf13b,5/25/2016
3af20acd-e14a-406a-b85a-9647772bb5d5,5/22/2016
3b0600fb-3415-409a-aff8-d3be9a38ff89,8/4/2016
3b227c14-b49d-4c53-94d2-2fa3fde9b8d3,11/15/2016
3b2c5cd4-bb97-4dcd-9c44-8d85efb92114,1/26/2017
3bace0f1-969f-47c3-82f6-796ff37c16ea,9/11/2016
3bf47750-57cb-4461-af76-aaa13d6d9fb0,10/8/2016
3c1ba583-2409-4f43-8f29-baea9126e048,5/27/2016
3c607361-d64f-454e-ad8b-411a02d64fad,3/7/2017
3cad3344-6505-4098-84be-9b166f2a0a51,4/6/2016
3cc418b3-63f0-47e1-abaf-120b85574364,5/13/2017
3cd13d7f-b05b-4924-8041-75b03d5608fc,1/26/2017
3d3ecc0e-8f98-4679-9527-79c2d033d441,5/5/2017
3d62b335-6501-4802-945f-31db2b869989,5/23/2016
3d7faf75-c650-4956-9ba3-418e9d444545,6/2/2016
3d92e6ec-fbd4-46cc-8f13-106b0b6cfaa3,9/12/2016
3daad2f8-f1a2-4783-9ab1-039d1ab9fab8,5/5/2016
3e6d340e-7ad4-4486-a1cc-448edadb11a0,8/31/2016
3e6eee04-3523-4e38-b332-cb71908f766c,5/29/2016
3eb9c5f4-3e6e-4210-a377-8ae54a76b920,5/26/2016
3edf887b-1157-47ab-b2dd-525da5d39617,4/7/2017
3f3df810-40a5-4695-ba49-a731edc73e48,12/5/2016
3faa1204-c53d-4417-930d-5ea6afe1d08c,6/6/2016
3fab391e-12ca-4e4e-be22-7336b6e244f8,5/20/2016
3fb2fb4c-3465-4f8b-9336-2e521aa7fc8e,4/20/2017
3fb49b8f-3dce-46c6-9ae2-63cd38436700,5/22/2016
3fcd1b48-749e-42b6-885e-b3deec6b8357,12/30/2016
40145607-a403-4643-aa34-3ec57aff9064,5/22/2016
409c50a6-97bd-417f-a31d-ca806898878d,7/15/2016
40ab9808-35cf-4b3c-a749-108be989557c,9/29/2016
41506ce5-6d83-41c3-b3e6-028b1609507a,11/17/2016
4176d093-bdbe-475b-87a9-301aba71b680,3/30/2016
419c7a98-6dae-4b8c-9d42-f1c65f14ad71,5/22/2016
41b42a8b-276d-40bf-bd4b-c0df0bb24c6b,5/26/2016
41c5416d-9e2f-4ddf-94b3-14eee92a16d9,6/1/2016
41f8ba1d-a28c-43cb-9ec0-bb6d7112e260,12/12/2016
426389a7-1046-46ac-ac66-4db70195552d,7/1/2016
42654cc0-101c-43d0-b218-4602ac92679e,5/21/2017
4282e12a-c677-430e-8675-151421dc596a,7/7/2016
429da208-0ef5-413f-9681-499500375551,6/14/2016
42c12594-9167-4a5f-b401-65454f795033,5/23/2016
42eea4ab-f000-42a0-bfb8-2b0fd1d1efc8,7/28/2016
43883063-5077-4688-b36d-b45972fef94f,5/31/2016
4397bfd1-3b9d-4d1f-9d41-00e9e15eb3de,5/27/2016
439cd4a3-9c85-47d7-a678-b367930817d6,4/10/2016
43a6c62c-9253-426b-a330-89ed029f0fa7,5/23/2016
43cf96e9-da05-4342-888f-c6bba79158e1,6/22/2017
43d5634c-a2e5-4a96-9cd8-89c16d9dac1b,6/15/2016
44071c87-fa27-4b2a-9142-c4c4a40bd6f5,6/17/2016
44465bbd-3116-46ce-ae0e-651a4561c977,5/31/2016
444c9938-0f3e-4da0-a93f-3afb56c4735f,7/7/2016
4490ffad-a944-47b0-801a-83cbe36b07bd,8/16/2016
44a6163b-74e5-49f3-8446-dd32b2c9449a,8/18/2016
44b84f59-d7cf-42b8-926c-df0fdece2a37,6/20/2016
44bec7f6-3863-4883-b051-031dd065f8e0,9/1/2016
44f988a2-da02-4cf1-ac89-ee6d93ad11f7,3/29/2016
45351ae7-2cca-4925-8205-02f06c6ce049,7/21/2016
453d0b16-afe2-48e5-ac57-d2715e927b75,5/23/2016
4552e7e2-4d06-4495-9c12-07eb83ad3f31,6/2/2016
4576bf8b-c58f-43d0-abe6-6119dee3b4a5,5/24/2016
45a75a14-bd84-4b78-a7ab-74f4911bcd30,5/15/2017
45aaec21-0626-4c9e-9fef-73d9569136a1,7/9/2016
45f33347-c683-42fe-aa07-266331d6cd7c,4/7/2017
45f4fe9d-9d29-4751-b219-2b11bc231367,4/29/2017
46042174-7c02-4bff-841e-9865f2c421a1,5/24/2016
46432cfe-dc9e-49bb-ac97-e7eba6dc50e9,9/21/2016
464c8ded-1543-4520-a181-3224fdae0571,8/9/2016
46764c41-73f1-4ef4-93e9-a773de8c8c47,6/18/2016
46766e74-9ac9-4177-b6f9-a2aa3d4a7e0d,4/10/2016
46aba212-e04b-4f94-a486-6ffd6f5c1158,2/13/2017
46c4b8ab-3841-433e-8295-ca4a414b62da,11/22/2016
470fec70-e206-4780-96a4-f0e4aa563697,2/23/2017
479e0d68-a6d8-4830-bbb8-b560b08e1e8b,1/24/2017
47a7f0a9-296e-436e-ba7f-0bb4d00be3d2,5/20/2016
482fac59-83d3-4047-be1b-6c0877ca5013,1/20/2017
487cc01f-325f-4054-bf87-3e060f79fae9,9/26/2016
48d5c7c8-963b-41c4-983f-3c917b43772c,1/2/2017
48e2258f-7d59-4fdc-8ca4-606f80ab1e8e,10/21/2016
48f5d013-b6bb-4892-9600-34c18e469e60,5/7/2017
49659c45-6c64-4ece-b32c-ec4c2f880280,4/11/2017
498a3901-1988-4f7e-92b2-982033049122,6/3/2016
49c341fb-152d-43c5-9d0a-7a1bf5911a5e,7/18/2016
49d71180-ae65-4aea-866f-903267d0f7a7,8/19/2016
49e0e112-2858-4946-bc2b-1badc3c49db5,3/10/2017
4a1072f7-e328-4220-b77e-5012a864e57c,7/18/2016
4acaf124-c594-4c9c-b089-1f068cb44f6a,1/9/2017
4ad35116-4ab4-4362-945b-02820b10c49c,10/24/2016
4b02ec18-cab5-4b02-b776-3bad7c4081ee,9/29/2016
4b12442a-13fa-4c9e-8630-8c8b057be2ee,12/20/2016
4b99c7b9-b636-455f-b9e3-e46cb5b1b02d,8/1/2016
4b9ae498-bd4c-4cab-9a0c-8d08bed53819,5/25/2016
4c1ab4ab-acbf-4fb5-b824-8c4d7cbd9c39,5/23/2016
4c358f7d-6d69-4cba-8836-468b644bb8fd,3/28/2016
4c427fb7-635e-4320-bb1f-05750ff4ee7d,8/2/2016
4cbe042b-dcc4-4ba3-b42d-017c35f9a470,6/8/2016
4cd2935d-d46b-4afd-b43d-6c5ce1e02425,8/8/2016
4d235cf3-3aea-4c5a-bef4-438dd6963606,9/20/2016
4d7653f4-f5d5-46b4-a477-8d241f9d3036,2/18/2017
4d7e862b-2747-4f0a-8c9e-423924644dfd,1/4/2017
4d80d8fa-b5be-46ca-951b-55f2019b64a6,5/23/2016
4d94a366-adb7-408e-946c-c135f5cbeabb,5/23/2016
4dbbfa7d-46af-42b7-b989-41d7911a1997,10/14/2016
4e28782a-e908-41c5-a3d0-1e772e746d05,6/8/2016
4e53bc31-1f16-4630-b81b-f6b5a3840eff,6/1/2016
4e56ae86-4c83-41c6-b6fa-6ffea8caa11e,6/24/2016
4e5d960e-3791-4660-9766-4aaa450d109c,6/6/2016
4e63ef32-b7eb-4434-8cf2-3a0b447d67f4,3/27/2017
4e9a8f4b-4a70-4b7f-b07b-10551d8905ea,6/16/2016
4ea73970-6316-4925-b873-73abc5135a7c,2/15/2017
4f09b0ae-53da-4469-95da-2d89205f10a0,6/9/2016
4f1c46aa-17b0-4734-a6b0-7c846bf8382e,8/11/2016
4f88dcd6-cab8-460a-b96e-93a52f93b863,4/9/2016
4f9f53a8-f33b-4a73-8b51-04dae779ecb3,10/11/2016
4fb88763-fbf6-42b7-80c3-1fc8e67451dd,3/24/2017
4fc509fa-1c6f-43e5-83ab-c76b79116fc3,5/24/2016
4fd7229c-96d9-4887-a82b-d5c01a5a4a5a,5/25/2016
50092816-1d30-4155-adf9-238c58d29d88,9/28/2016
502b659b-af4f-48f8-ab5a-37e0aea36245,6/2/2016
50428d64-669e-426c-bf07-977e8f729e03,11/16/2016
506cb139-bd42-42b3-8036-cd2290d28afe,4/29/2017
5099f1cc-696d-499b-9b7b-9d43aae5aab3,8/17/2016
50a7718f-60ae-4d04-b400-e65b39f02067,3/28/2016
50ad33c1-d55d-4979-8e3d-e6ab1fdadea5,5/13/2016
51732e66-c0db-44b4-98ce-ed436225658b,8/16/2016
51956147-1928-4f39-a1f5-b2edb25b3b21,5/11/2017
51ae0760-e86c-44f7-a11c-0da407b83a42,12/8/2016
52be0a73-da5e-4a71-8a91-381d7979755c,8/28/2016
52cd0f8d-624c-4bd9-bd3e-c1d017feac31,6/1/2016
536a4103-0474-4d28-90ee-f9db213cc0d7,5/10/2017
537ed3bc-bb50-499a-901f-cae0a9ea14f2,9/13/2016
546a9b04-bb0b-491e-8d54-5629266f6ceb,5/26/2016
54aae865-ed59-47f6-8c3e-22d1fddf3eac,3/27/2017
54daaa2a-c208-4acc-b54f-802f127fb4aa,3/30/2016
5545beab-3801-4008-8ccc-c5b58d803e13,9/1/2016
557dfa0f-d959-4706-baa0-4a4481a13c49,3/8/2017
558f0b66-cfa3-4966-aaea-6a4ccfbd6820,6/6/2016
55ca57b7-1679-4d9b-b348-2ea2bf07e6e3,6/27/2016
560011e6-102f-48f9-aab0-9611d8396d34,5/4/2017
560bbd7d-00b2-438b-9655-30659ea95045,2/6/2017
5614dee9-70bc-4cdb-be74-7aefc2f6e90f,6/18/2016
563bc688-5bfe-4924-8031-19909686c062,11/16/2016
564938aa-c164-4d57-8bc5-c7037b12f21b,6/24/2016
5650234d-3ec7-4ab2-ab6b-60ea1f105b1b,5/22/2016
5676491e-e93c-4038-984e-fbf4f70d7563,7/23/2016
5723d432-fae3-4630-ab26-f606f6bfb8a6,4/4/2017
57292595-9e33-436b-ba9b-54bf0c238a24,1/4/2017
57308757-4fb9-4ec2-916f-1e0cd106d445,4/11/2016
584bd2d5-a3eb-4dd8-abfe-aa01308df52f,2/26/2017
585237d5-0e09-4d15-8bee-60e02d375baf,9/8/2016
590e513e-2821-44dd-942e-d313751684b6,3/17/2017
594639ec-43c5-41f5-9620-3771bd5c788e,6/14/2016
59b4544f-aa48-40ef-a3e1-e9e527ea5517,5/26/2016
59c7a3d2-54f8-4a75-9f3d-543a2a82886b,6/6/2016
5a53d222-2f50-41e9-9983-9fb58648f5bf,10/18/2016
5b812c84-446e-485c-8c6c-abccfad27f36,12/23/2016
5b9614c1-e00e-4531-839d-98112799c2dc,6/19/2017
5b9f1985-d241-4e3b-bf41-b15a2e0767e1,3/13/2017
5bdc0875-31cc-40fe-bb19-55fa088e84bf,8/20/2016
5c14b581-5c08-4839-a875-8db55c713c91,5/8/2017
5c4862b9-f5d7-47cd-8066-a9160fb27701,9/3/2016
5c687c40-7270-4ebf-b438-b2075ead399c,6/20/2016
5cc77743-7f91-4cda-a91c-cc064bf1d4e7,9/27/2016
5d2adfd8-65d9-4400-9f77-d30e36f18e0c,10/11/2016
5d35fa69-7748-434e-aad1-26850214c845,4/26/2017
5d5528b3-7768-49da-a32b-099324eff032,6/7/2016
5d8830e3-7aec-4ae1-ac47-58848e5cc116,5/24/2017
5d8d238b-a385-44c8-9c2a-db36d25bbc10,5/14/2017
5e46a7f5-24db-46b6-afa3-d5e9542b472a,9/9/2016
5e7a5e63-da73-40df-89e0-021e86f3c2da,12/30/2016
5eafc7f7-a19c-4615-b2dd-f780990d4661,4/11/2016
5efd74fc-3f94-4e45-b2b3-f9d7867e4cf5,4/11/2016
5f06e634-00ea-436a-af57-7850637215b2,5/27/2016
5f083e72-f7f4-475f-a060-b8b7c2cb56e2,5/27/2016
5f4c590f-8660-4325-8664-428959cb9884,1/24/2017
5f8c1e8d-0aad-4e08-a647-1fcd171aefb7,7/15/2016
5fa0447f-eca2-4e56-8d3e-78c50addadf3,5/24/2016
5fe32501-0e55-4fab-b306-6d423d613589,6/14/2016
5ff97fa2-0006-42e0-92c8-c362719fe060,9/28/2016
6044a68f-d075-491f-a595-9eae89762144,6/9/2016
608fdb9c-22c1-44d0-8ee0-a3be0291b6e0,4/21/2017
60973086-9244-49ee-93b6-36550ac8daf0,5/24/2016
60a3e234-8bcc-4c80-bddb-f8be7209ed9e,5/26/2016
60bb1c9f-4aeb-4a5d-9e00-6c7ec4223067,5/21/2016
60bdfb75-768d-4639-ab2e-737fc9fc4065,4/25/2017
61232fa9-b6ed-49c4-9646-4e57be836035,5/23/2017
61299e9c-9a46-4187-8710-e0c2a1b8dd9a,6/14/2016
61bf2fb6-ca50-448c-9e95-613bc7515139,5/24/2016
61daedf8-d784-4a83-9517-d4c3ade5cded,10/4/2016
61ebac51-7e31-47fb-9e18-4cf5bac4bbd5,6/9/2017
6287e791-92a2-4dec-af10-7fd066c800cb,6/25/2016
62cde89e-1117-4b05-9290-8c15b3fbaf50,11/21/2016
63277210-9a18-45f4-b20e-101e49c5c0d3,5/31/2016
632ca544-e10b-45e7-abf2-de2bfbf166a9,7/28/2016
6346c930-8b4b-4cc9-93e7-17883bfcad8f,6/19/2017
6381410b-8a24-424d-8e9d-9525d332d59e,5/17/2016
63840a96-2f12-4e0b-afeb-3ee72a42548f,7/4/2016
63a88082-6a2d-4fbc-8571-96ba787be33e,5/20/2016
65161dd3-ba6a-4611-bdcd-66addf2a4182,3/15/2017
65993ad8-dc86-404f-bcc1-66207523ff11,6/6/2016
66004e3f-eeb8-4ca0-96e5-b12180b31da4,4/17/2016
66184c7f-3f4c-405e-addd-d24713efbd72,7/24/2016
662491f6-c479-46fd-8416-d1c512f66a93,8/31/2016
662f710a-f912-460d-9f67-54c8c0d33867,6/17/2016
6637ebe8-05bc-49a9-aa24-03e65fefa211,5/27/2016
6648a39f-71bb-41bf-88cb-fb96851edfc5,5/20/2016
6681375f-1125-40c8-bf5a-ecb2f22c38ed,5/28/2016
66abcc72-9b56-485b-bd73-df6be04e9a06,5/21/2016
66dfdfe2-ce03-4cb9-a14c-d668304e25f0,6/9/2016
67076be8-4bab-4f47-a383-7bbe3337b3f3,8/9/2016
675295b4-6dc4-4835-8dd1-63697bf2ffe9,11/2/2016
677507be-3c93-4eca-ba0a-e75350858d64,10/24/2016
67812781-8ef6-4d75-9599-1d1c7af1f50f,7/14/2016
684a0b57-1bca-4119-8de3-298ae2deb713,10/13/2016
68733174-0f94-4e08-b2cf-906637544d0d,5/29/2016
68c5f59d-33bf-48d4-a7c7-73537505aad5,9/30/2016
68d667b1-02fc-4c8e-b292-3d544ba22e93,11/15/2016
68ead27b-8ba5-4b5e-8201-afd9236ea9ea,6/21/2016
68ef7a25-d045-4135-a7a0-cc608bcc611f,7/16/2016
68fbdee8-037c-4e66-99ff-bc4872d22f8d,5/25/2016
69417305-45f8-4b74-8fc1-69ae00e1d013,7/8/2016
6948730c-c9e7-4d13-92a1-f745980b5f3d,6/20/2016
6959818b-9e9e-4e45-99b9-2cf1dee15ee3,6/14/2016
6985b89f-d12d-4b66-947d-2fa06a1c59c0,12/9/2016
69e5a73d-f056-4df9-a37b-037257243e05,12/9/2016
6a020789-dd1e-4cb4-a6db-d40fc03d3b12,5/23/2017
6ae4d902-6cd4-4c08-990f-b63c8d8020a3,10/24/2016
6b656bcd-9277-44ae-901e-ffdb63a8c705,4/11/2017
6b66e7aa-9a9f-4cad-b258-a5a9e68bad0b,2/21/2017
6ba4d261-28c7-4f67-aa69-f0c85b1ae422,9/7/2016
6ba5079d-8ff0-4a9e-a3b8-2f82e33e95b6,4/17/2017
6c05670d-99f4-4b46-a6fe-694cbaef8825,8/11/2016
6c60ed7c-7a3e-449d-bc2e-6433d8e0ab65,10/6/2016
6c6a6d4a-c387-4088-8799-9cba394d8d18,4/25/2016
6c82baa8-b794-41dc-a3f2-ea8c6a23bf2a,2/12/2017
6c8a7a69-6d84-4e01-b3a8-032625692316,5/30/2016
6c8d4683-ed27-4b1c-9957-0a624a3afc4b,1/8/2017
6cb0a923-eb66-4c62-a906-38e05c304acb,12/18/2016
6cc413ce-cf02-4584-b144-b853cc1d87dc,6/15/2017
6ced401a-935d-4456-8574-d4b902b60d1f,3/21/2017
6de557ad-5269-495f-b5b4-ae616d674da1,6/5/2017
6df3a824-f1ed-4953-a138-102552484910,7/22/2016
6e199da4-ab2a-433a-b141-b9fe9edd2498,3/3/2017
6e79000c-f414-4c64-b5ed-ee0a7316479b,5/9/2017
6e9050ea-1ea1-45cb-a60f-0649dae09d59,9/23/2016
6ed61c8c-09f1-4322-8b6e-2de56b631258,6/4/2017
6ee25e7d-1646-4157-843d-94330aa5fb91,8/1/2016
6f209d19-d627-41e6-a12b-b36951304ecf,4/28/2017
6f2e2f1d-a5f4-462d-b357-419b2d3050e0,5/10/2017
6f41ecc8-2b27-4ad1-bc7d-014ca0fd5806,9/7/2016
6fdd81c3-b75e-48ff-92e8-48c118b9faa3,10/2/2016
703e39d9-3971-43f0-9ff1-b1caf9c1b0c2,9/9/2016
70a9c68d-1688-4a61-b5a9-59a19ef74f6b,3/21/2017
70b12df1-44dd-4003-8f27-827690546fb1,6/14/2016
70c05219-1a42-460f-9c28-98ea24e9c9ee,5/22/2016
70c0d24c-f715-4554-ac0a-0ea7a0bb16e2,11/11/2016
7100921e-b0df-4fae-95e2-ffac0d85eb9c,10/17/2016
710c98a5-6ec9-48b1-a72b-288c3d8d1868,4/2/2017
7166cdbd-063a-48ae-853e-bb9f81d1d82f,9/27/2016
7181cd61-4a5e-4a93-ad6d-19dd2b596fb7,5/22/2016
71c150e4-65fe-4794-9383-9e880d909253,2/13/2017
72047957-3049-4965-8ff9-3df2e5a7b422,8/25/2016
721b62d0-ea2b-43ba-9c33-835c341e8ce0,9/28/2016
7222837c-a63a-4bf9-aef5-66fc90aed3d7,2/17/2017
72511148-1864-44ac-a485-afd98563911c,6/17/2016
72656516-3ba9-4e09-9976-9cede642fea4,8/19/2016
72a08c80-004b-446e-afa4-42273cf01232,5/26/2016
730fa72f-6515-4e9a-903c-fa56b26d6dd9,3/15/2017
73439996-629c-40c7-9dc4-259de5142e65,1/23/2017
738f9ebe-8d08-4a43-8c1a-f90c8192a083,10/23/2016
73dc6572-69eb-4f37-acef-feee3166e418,4/26/2017
73ff34bd-e832-43cb-b420-ad671196b1d5,10/2/2016
740010b3-ac6d-41d1-b0ae-7686e1bce2b3,7/28/2016
74062175-34b1-4780-ae26-b18e7edf1707,5/21/2017
74187c5b-27e0-415f-8ebb-d7e3a6276eab,9/28/2016
74267c4e-7344-47f7-9ce5-c0bf3ccee5a6,2/24/2017
7435b6b8-882f-4974-b115-0a7e8a941761,5/24/2016
748761db-de6a-49c8-857e-dbe5cef3b87f,6/14/2016
74c3cc80-2a57-4c6c-8911-db50a8abb1c9,2/23/2017
751354f9-e8ae-4fd9-9dce-691240e97892,3/6/2017
7530b737-c807-4700-8fd5-786067828c5e,10/6/2016
75389a74-7908-4701-9148-ddc7bd36879a,6/15/2016
75743251-6e7e-4da3-af43-cb1cf8d8320a,5/21/2016
75812f55-7714-49f2-820f-f4a0b8568f6f,6/29/2016
7635aef6-3627-4529-bb8e-14865c806492,3/13/2017
7672ba09-7dcf-4ca1-858c-5ac4df413b8f,4/15/2017
76bd06e0-fe94-4aa0-8b4a-8d962f81eb80,5/30/2017
77033142-3398-4747-b015-66e9534d44dd,8/9/2016
771e73e6-be27-4bed-98e9-6c79e83efeb9,8/2/2016
78134861-71b8-4728-8616-77147524112e,9/27/2016
783ae358-c751-4a2d-afac-2eefad69382f,5/27/2016
786fa7f6-de36-4aec-8747-d2ecaff2d9fb,4/11/2017
78715b07-f793-458e-8695-6b09b0f4f414,9/15/2016
78b6e921-e6ec-4732-b94f-3153a4ebd095,9/1/2016
78c8638d-bb02-4b47-b408-364fae40aeb1,4/10/2016
7919c637-707d-469c-9447-f05b93f871b9,5/20/2016
7947aa8e-d413-4f52-aa76-b87db0505931,3/6/2017
796577a6-9e7d-4172-a9ec-7a99eca436fb,6/5/2017
79f293d9-ff46-4b6f-9470-22bc86666881,5/31/2016
7a0826fb-1b84-4c3e-819a-06fc9366c1b9,7/19/2016
7b5dfa7f-1f4b-46f8-864c-2ecd0cabee92,5/21/2016
7b942b14-df24-4b4f-94bd-5fac7cb43542,9/21/2016
7bcdad97-3b34-44e6-a4ae-f429835fc21f,3/20/2017
7be15f2b-8a7a-4517-9e1a-63d35a22fb7a,5/24/2016
7bf3c593-f19f-415f-b781-8fd5a3400bba,5/22/2016
7bfd4c4a-3530-47e1-969c-9e5efaccd46c,7/22/2016
7c4b3fff-5341-4a18-9712-8858e187eb44,6/5/2017
7c8b63a8-9b4f-4084-979e-a2d9d815ad29,9/21/2016
7ca54712-ce26-481b-880f-90c64241b136,5/24/2016
7cb551ab-0057-4940-ba83-38434263f96c,12/13/2016
7d38d7c2-d04a-4942-a399-f01f85d7a072,8/28/2016
7d540c27-1824-4c21-8860-e0eda67c74de,5/26/2016
7da6b0a6-e194-410d-ae50-aa2b46183001,6/20/2017
7dafca99-f495-4cc2-a786-0e8b77383f23,3/6/2017
7db695da-45f4-4460-aae9-d91ca579f891,5/26/2016
7e031834-b3ca-4e9e-8881-7b6c773197e4,4/2/2017
7e19e87d-bc29-4ba9-8ef6-2cec54f1c38a,7/6/2016
7e69b4eb-7b2b-4673-b830-4dcd194d5789,6/25/2016
7ee452a3-5bc4-4f85-8ed8-784c432aa8c7,7/28/2016
7f225d03-2ad3-45a3-8f33-c1b509ba1fa9,4/17/2017
7f4bfbe9-ba6a-4932-8a17-e9f049c17f01,6/19/2017
7f6a21d1-1a32-4f6b-84bb-4ae0a8d752b7,5/20/2016
7fd338fd-b242-400a-9717-86c87e464f3a,3/31/2016
801649e9-14f3-44da-a09c-4d6c33367449,2/19/2017
8017ff46-7889-4c4a-ad87-5ca725bc78ed,3/6/2017
804f07b2-8c0b-4c82-93ab-2730af12209e,3/27/2016
80f20a7f-16d3-4a2c-b4b2-fe69b25a858e,2/11/2017
80f5d635-85d2-47a5-8693-6284302e501e,6/10/2016
80ff4d53-e6ee-437a-93f3-17f53ab22ba6,2/15/2017
8119c189-9cd6-4d06-9aa5-b9ec0482a3e8,6/5/2017
813f9315-416c-42b9-857d-1d760777a856,2/5/2017
815b9f8c-7d04-431d-95ea-be2702b28c27,5/20/2016
81cc2f92-1478-4948-8409-a315c5df5fc8,5/24/2016
81dd78a4-a9b0-45a7-b28e-eae2b37d2573,9/17/2016
81f208da-a7d2-44f7-ad21-e6aeff8e8e48,5/16/2016
81fcb281-900b-4205-b963-cd9cb496948e,12/4/2016
8284c84b-dddf-4a76-bb18-3d3c3ce8963e,5/24/2016
82953687-4f68-4c43-95e6-14153a89f882,5/23/2016
82b04e44-996d-4505-b6c9-1de22a691322,5/24/2016
82db2012-e7dc-4739-9d68-011129026afa,5/24/2016
82f34bab-fc78-4a14-8f32-f77516f38882,6/24/2017
83221ac1-4684-4604-93ee-e473fd6e511c,11/23/2016
83e4babd-ac9a-4b53-a389-6a0ae062447b,10/29/2016
83ffa513-1a10-47a1-88ab-380c20972e05,3/10/2017
84065fa9-1fbc-459c-8765-7f32f03ac0b5,5/20/2016
840ad4e3-ac24-43af-ac30-cd51f3a1e507,7/7/2016
842eaf76-a60a-46b3-85a8-5ae4db90a598,3/29/2016
84460996-b308-45b7-ba2c-4bf4d4a17dad,4/5/2017
84956a70-5493-47dc-89be-8492f09a3c31,1/18/2017
84ad8bfc-3062-4957-9f8f-b3aa8a6c3158,6/17/2016
84b6cc6b-a601-4b5f-a612-065af6e099be,12/1/2016
8526aaa1-3fcd-404d-bc55-509abcb36f00,1/20/2017
85a1e847-0d48-4ee1-a914-23aafa793a1b,12/24/2016
85b7caab-b8a2-4a98-a328-be4a0910e4fd,6/17/2016
861f2fbd-1478-4880-bc00-78a6fc33224b,8/30/2016
8622f6c8-75d3-464b-beae-93eb1f6bad4e,6/13/2016
8627dc6c-9a39-402a-b582-8efa5b87fcf0,10/21/2016
86317e88-b932-472a-9d8b-0c92e4c1b988,5/27/2016
8649d709-a741-4da9-b840-dd93d662112d,6/17/2016
865434f7-7c67-477e-85e3-13931e058423,3/1/2017
868d71ea-c738-49cc-b74c-6a030b4b561a,5/13/2017
8726f641-c1a2-42d9-93b3-9b4c8b789156,1/25/2017
876602d9-09cd-415b-b2ab-8de39cb3c022,5/12/2017
8842daa3-b7e4-441d-a488-6459034dc547,6/21/2016
8884eea4-ff2c-4b46-a4d7-9c748991ec11,8/15/2016
88c6b20f-8158-4093-83bb-b5af3453a2f2,10/17/2016
89444010-8303-4ff1-8944-e081af218e3e,6/9/2016
897f7b97-41c3-4d99-959e-34d2d9b90bbb,5/21/2016
8987d883-6470-4d02-9bc5-5d649532e1af,12/6/2016
898ab8e9-82ae-432c-930f-9450753817d1,1/26/2017
89e6f9bf-e69c-471d-9918-4af0ef926b37,6/22/2016
8a0940b5-fa05-47d2-8fc8-17a4c14af8ed,6/13/2016
8a46169c-ea15-4d57-af51-33be4eb5f33c,4/22/2017
8a544d53-3fe0-4d88-801b-5c1478055ca6,6/6/2017
8a5b6fbb-e2a9-4055-8051-1717acb85423,8/12/2016
8a74aef6-33f7-4901-bc41-1ff598602b7d,8/31/2016
8b3e6dda-1b59-4fcf-acbe-db4c72549fca,9/27/2016
8b475f7e-b149-4a56-8e99-c89ac184f0c4,10/7/2016
8b4ff8f0-08eb-4c93-981b-989f82fe18ad,5/24/2016
8be51878-1b2b-4a0e-8e6d-eddc1338ac73,1/23/2017
8c25f802-17db-4744-bbd8-0c272d2b99b1,9/27/2016
8c34bdb4-6a74-4d62-95ed-d1126adff807,10/3/2016
8cad3b9d-46ac-4ede-9469-fc70686c4003,7/23/2016
8ce0a5f4-6672-445a-a6e0-59902a1d9c9a,2/6/2017
8ce9286c-e236-46e4-8807-f7f98a5b41fe,6/6/2016
8d4f79ab-9bd6-4bb9-83a0-369ef71aa7a2,6/6/2016
8d9885b1-bbad-4d9d-b5b9-87e7f62d5ace,7/16/2016
8db0b820-a7b8-427b-898b-e29a14f3ef60,5/22/2016
8dd63176-bbb4-466f-87c5-8da9510fc3e3,9/8/2016
8de39965-08b1-443a-a956-ede8bde8225e,6/17/2016
8e1de395-240f-4ac8-a9c4-d8a66cf20b26,6/19/2017
8e26ce8d-5cfb-475c-8a5a-5f250ea475ea,6/23/2016
8e6fcbd3-f125-4feb-b4fd-56de80c289c4,7/6/2016
8e7dc4e0-f119-4099-9d96-6fadf03ea3c7,3/9/2017
8e90b510-5f0c-455e-b22c-d2ded2e509e5,2/1/2017
8e9de2d7-6426-4aab-811d-e94fba377088,5/29/2016
8eccb1df-e5bd-4bb6-a3a0-2ef088c55d66,10/10/2016
8f9204da-7ee6-4652-bec6-8f07844df97d,10/27/2016
8f9dae45-99e7-4e05-9c9f-7237b178b736,3/25/2016
8fa1e03d-3451-4c39-9225-4c05d5c1022a,7/19/2016
8fdf59d0-617d-4826-b39e-e0b475bb62c2,5/23/2016
8ff9224a-15de-4a0a-bd16-6bf1630a68ad,10/26/2016
8fffa2fe-613e-48f0-a707-d80b7883fccc,6/25/2016
906fd8d9-61d9-40fb-b729-2e9a8bf0a0f0,6/21/2017
909636b4-826f-4273-9ea5-f90ad39632df,2/24/2017
90c06d7a-e3e5-44bc-ada0-fed326f7177e,5/20/2016
90e66c35-7754-47cc-b3b9-3b6321128ddc,3/29/2016
910abf0f-3948-4616-b6ad-6668a75f0bb3,10/12/2016
91153c68-010e-481a-9aac-7049177fb859,4/22/2016
9139190a-d5d4-4062-87af-9a6cd84ba007,12/19/2016
91c78ae0-fde9-4636-a567-6f9d05370f25,11/11/2016
91fa363b-f29b-4a57-9021-c34601681b0b,6/1/2016
92565f5e-c5aa-4574-bb66-1908923e53a9,8/28/2016
92586127-c1e4-45fa-ad7b-b3dab814ffff,1/8/2017
92adf640-21d0-47f3-92ab-930c52c4b402,6/15/2016
92b1a200-577b-452e-b87f-09e7d2e0dd95,6/20/2016
933b0759-6bcf-4600-8651-8b023fc5dece,6/12/2016
93c7bc1f-2653-4269-a779-794d09e0ca43,5/3/2016
9436f5f7-0cea-44ae-974a-baabe4e58cd2,5/31/2016
94ae1b6a-8719-42ac-bdd7-bdabdbd0aa0c,5/24/2016
94bff570-45f1-4ced-9918-408bc7ec6133,7/1/2016
94c1eaad-8cd7-4a07-82e5-de2bab0383d5,6/6/2017
94e6749c-ee3a-4b56-a919-0abc710f2116,6/6/2016
94e6e89c-a1ae-4c5e-8d81-1e25b7551485,5/25/2016
94f20375-3e32-49b5-8889-e49149c7c176,7/1/2016
950a0ea1-0c78-4880-b6ae-4589e033c8e1,5/30/2016
9521ce83-fac1-40a9-b1a3-5eea419ca413,11/11/2016
95234777-b015-4c7a-a106-04fbba9f86b4,5/4/2017
9524f47f-b02a-456b-947c-fdad0de74931,10/6/2016
95271db9-9f17-4856-a85c-6be66963d78a,5/25/2016
95485f83-bc57-490b-8001-e8fa558a7a83,1/16/2017
95c70acf-406e-4627-a085-d3ad18991e5f,6/10/2016
966ff3ef-1a85-4d23-89d9-4a25f2eea1af,8/9/2016
96ec0f36-6fb2-4223-abc8-ca60e24aa7d2,5/21/2016
96f0c8dc-e8f6-4d1f-abd0-fc09cedc7554,6/13/2016
970d7e7d-aec5-496a-92b8-ffa9d984dc02,9/9/2016
9730bf35-8c8f-411d-9711-7e3b37ede515,5/23/2016
97463cb0-88d5-4c18-b103-e2e8c8664af1,6/23/2016
974a2f87-34ab-48a4-aedf-c0f1a6375829,6/17/2016
974ba91f-d9c3-4ff8-af37-48958111affb,11/14/2016
976a85a0-cdce-4037-8fd3-8a0c7104de6e,7/19/2016
978f86fa-fedf-42c9-9b5e-d61f82076f09,5/29/2017
97ab3015-f036-43de-a446-b426bb1c3265,6/21/2017
982c064f-5f52-42c7-8099-6dd6c9af0ad6,5/22/2016
984d2b93-9aa0-4635-b373-d8cc12ea03ae,5/27/2016
986665af-c47c-4a45-8862-ea1e5383d5c4,8/14/2016
991174c0-c075-4d56-8c60-0572e6c69cc3,6/4/2016
992edf48-c01e-4315-b9c0-b8c70d2b8397,6/1/2016
99400072-f055-4851-a354-4a52566527c4,5/31/2017
9943ed2b-51aa-4a25-84ec-ecf152f07e35,7/14/2016
995ce9d8-bc64-4037-834d-0f7c7f6e1501,4/10/2016
9960a52e-175e-4a58-815f-1c92643c0be6,6/16/2016
99d5c485-a2ba-4a51-a097-17fa795eea8e,1/21/2017
9a4655e9-419f-4a58-b1ac-7979d0cdcebf,5/27/2017
9ac38114-2e2e-4e55-8832-636d29a5cf43,6/14/2016
9acce2b8-525a-4430-beab-064aec8e4f02,7/9/2016
9b164c42-088a-4b11-a8e4-a16a6c83d8ff,6/21/2016
9b382400-1068-4056-90ed-70c9937da6c0,9/14/2016
9b599650-b29e-45cc-8abd-908f2691e75c,5/20/2016
9b8abad9-8554-48e3-b44c-dd8522d87f79,8/11/2016
9b98751e-6867-4baf-878a-5f3b0065d824,5/20/2016
9bd8a544-35d9-4d57-a3c8-fe55f7857e43,5/8/2017
9c09c39f-36d3-4b04-939b-e5141093c216,7/14/2016
9c966dfe-5260-4009-b618-33b302f56647,6/12/2017
9c9eb9c9-8032-4b7f-9950-524cbd53f901,9/16/2016
9d1c4e49-e6e4-4552-a18a-7e50bf02fa70,3/24/2016
9d59e9ca-f5be-4618-ae05-da87410797ef,5/22/2016
9d8e490e-8cf6-4c85-85e0-9170cd0edc5e,5/23/2016
9df38568-453f-4c68-8ba5-34eca294d5e5,10/6/2016
9dfa0a49-7fee-419f-9501-f511456a51ff,5/19/2017
9e42123f-96a7-4700-9e41-53c85d61fe7a,5/31/2016
9e54312d-43b7-45ec-ba68-10a8bf889b08,3/28/2017
9e9408a3-ea5b-4bf7-875d-e0be6c37d450,5/8/2017
9eed07e5-6c51-417d-85da-64d81172ce13,5/30/2017
9f0d453b-8de0-4827-8343-acbd127589b6,5/25/2016
9f398a2b-45ec-4c4e-b445-2096820d330a,5/22/2016
9fec8adb-f6eb-40a5-a6a3-9d79b299bb75,10/10/2016
a0ddb938-1e8b-4fb8-a12f-0bdc638a6642,1/22/2017
a127bc53-1a7d-4191-b212-efea865e9c56,5/25/2016
a14d76e9-f7f3-4c9e-ab0a-ead0b3c2f027,6/20/2017
a158adfd-f8f2-4335-848d-5848eeeb60cf,6/7/2016
a17e5989-b713-4894-aa30-e4f5a49ec350,4/12/2016
a1bf0f97-9c1f-44f1-9ea4-913dca4b5072,2/22/2017
a1f4209d-f030-4fc3-97bf-882930f9000d,3/8/2017
a20c4d01-6c10-4add-9c39-94ade3847047,1/27/2017
a20c5ac0-546b-4939-b37a-4e0e7d368966,12/15/2016
a224697c-e362-4ff1-b3b9-a5ad7320dff0,10/19/2016
a267fe64-e262-4640-9fca-71525b1ace47,9/20/2016
a29145f4-1429-4421-a703-3463e4c96982,5/25/2016
a29bf9c0-b3f1-48a4-9a90-eeabf79a80a2,6/20/2016
a2ef93ef-701d-45ac-816e-eeb375811bd4,3/17/2017
a2fc2ac7-9e21-4241-88be-c5bc995981a1,10/2/2016
a3103670-2625-4c4d-8d36-a5773b6e92ba,12/1/2016
a31513d3-1c4f-4eb7-bf71-3966d1cf799d,8/27/2016
a373f839-8590-4829-9133-e2c7cf0b45ca,4/8/2016
a3776ec0-67f4-457f-a1c5-6c20546c82d1,7/4/2016
a37a6381-5f5c-4602-8f82-ec5eb357eec4,5/26/2016
a38a039d-c69f-435f-9bdd-debc3d4c72b0,10/26/2016
a4201f7a-eb68-4b9c-9a0b-cae737d2db22,6/25/2016
a42d4ba4-6cf4-4fa5-a0f6-13d8f5e78bcb,5/23/2016
a4676eec-dad6-4384-9d62-4a870c776bae,5/26/2016
a4a760d6-02f2-4810-b2ae-c02855e9cbd4,9/24/2016
a4d01717-1ea4-4c4c-b5e3-36df831d59f3,9/5/2016
a4ffb613-7c7d-46bd-b47d-29bc181fb616,4/22/2017
a503dedc-3c41-4a35-b884-4e3076cb610a,7/8/2016
a50f0351-27f5-4a0d-ae47-f2302ebc1335,6/10/2016
a52de824-6474-489e-9d8f-0d4a0429af80,1/17/2017
a54bb179-461b-4cd3-91ed-f242f1c96f03,6/1/2016
a5b7a722-b9d7-45a1-ae3b-cc892f84c8eb,6/6/2016
a5ded619-d71d-495e-a5c9-52c983572085,5/23/2016
a60c27ea-202d-47c2-b253-8a3982accd52,10/3/2016
a6935fd3-825a-4040-915b-cffa58f40c31,1/14/2017
a6936d97-15be-43bb-9e83-c9ead7d1553a,6/15/2016
a6952295-92ca-444c-9301-081fdeaae268,4/18/2017
a6ce2125-eb39-4702-90cd-80593306deb6,5/22/2016
a7711e17-388b-4179-9e5d-e75690883b95,7/17/2016
a793f626-df89-4353-abea-2b928611e786,3/25/2016
a7b579e3-fbbb-41ce-95b8-ebf35cbd1ba0,1/8/2017
a7f76393-6308-4baa-bdf2-ea6592bbc35d,9/30/2016
a85c3a4f-248a-489a-a32d-1b750bb64c6a,5/28/2016
a8bd0ad7-9ffd-4396-a030-852b7014bdb4,8/14/2016
a8e3f289-05b6-432d-a5bd-ca939e54f820,3/28/2017
a94bbb4c-5b65-4eca-81d0-51f3862704ce,6/17/2016
a98a64d0-66fe-40a0-abce-8a3716af6e77,5/26/2016
a9a788f2-8587-4e9d-9be7-6689c376f78a,6/26/2016
aa09b52c-f583-4088-89e3-c928e96952b2,4/25/2017
aa45fc43-f857-444f-b270-dbf548c9b0f0,7/5/2016
aa8e5e78-bc63-45d2-bedb-c4302a0877d0,7/19/2016
aac2e42e-43ef-4be1-b30f-992f0951d582,5/23/2016
aaf3af78-f12d-4b90-9aa6-e443709bbb46,5/20/2016
aaf9e040-ed58-46f3-b54b-eeb81d286b91,5/26/2016
ab0899f2-5f84-4c4f-8fab-f24c616c054f,6/18/2016
abe08be8-5ed3-4653-8cda-de2684f56546,5/25/2016
abe11ab2-250f-4d6f-ab9f-909aef78c878,11/21/2016
abe5c160-6ca1-42d0-9743-31baacf8aaa4,6/17/2016
abfb8d61-7ea4-41ee-b1db-ac7abec97788,4/3/2017
ac0ab2f6-bc74-4195-a952-d273985ac194,5/23/2016
ac6a63fe-89d1-456b-bc32-6f58e1fce2e6,5/20/2016
ac813f97-a05f-4ad9-a88a-6e915fd870ab,5/20/2016
ac8b0de3-ac1d-490f-8c25-916f6b844a46,6/27/2016
acb149d8-972d-48b1-8493-e3ace4bd546f,5/31/2016
acce022c-df78-4a72-86e1-4fe68692638f,5/25/2016
accf20f1-0678-48e8-b426-2143d9232437,2/17/2017
acd5ff57-289a-486b-a6bc-7293a34da7eb,3/20/2017
acff2025-ba55-4c3a-a46a-6034eab91cb1,11/17/2016
ad1b3b59-18f2-4c4b-9980-c2660940fbd1,11/6/2016
ad37a6a6-1ecf-4a14-8bb4-11bafcf55d1b,3/9/2017
adc524f6-e48e-454b-82e1-135fe01d37c6,6/7/2016
adcdb203-8205-4f4b-b324-2a15914e914a,9/27/2016
adf9b3aa-3ede-41dd-936a-31ae8d8e8052,5/24/2016
adfa9940-a7a7-4465-a855-da80c0b048eb,4/5/2017
ae107eba-559f-4443-acc6-cec7bc1ea3fd,1/1/2017
ae5525e9-763a-4fce-945b-a13172796e04,6/26/2017
ae5abff0-2a42-4331-88fa-682064615293,9/16/2016
ae7fc76d-cc11-4c01-ad70-9d9f7ab16720,11/10/2016
aee9c122-15e3-4a28-a22e-22f6bf8a24a4,3/13/2017
aef9af99-00ec-484b-9f87-16d704a75140,4/8/2017
af242ec5-9a7f-4d92-9e4b-47cf3a0b8be0,1/19/2017
af602b17-b137-42ff-bbca-7262e625c840,5/20/2016
af932d67-e26b-4193-8d4e-c180c36c0ba5,6/16/2016
b027039a-44b6-4adb-8234-c46205c66d3f,8/18/2016
b0448df5-5314-4656-8364-34fd8134f86d,6/1/2016
b0792acd-47a1-474e-a092-51eff94ef21a,12/9/2016
b1805dff-84ad-4e49-a112-9a715ba602d1,9/27/2016
b197eac5-ec65-41e4-a66e-b37dc8eb52f0,5/24/2016
b197f2a1-2130-4179-833b-6d9dce03205d,6/14/2016
b1998f47-9a77-4b58-ab3a-f25d578e980b,3/6/2017
b1f155e0-b2fc-45a6-bdfa-9e92e3d1d6c1,9/20/2016
b22b749d-40b4-4535-b072-694ed76cc151,6/1/2017
b235235a-847c-4327-905c-2914f39ea105,3/30/2017
b2510eb9-acf5-48f4-8ee9-1bcfb777155e,5/25/2016
b2587630-13fd-4d1d-a981-083b34894a87,6/20/2016
b259a491-9e95-4bdb-8931-5b4dfecb35cc,6/12/2016
b27fe42c-8e84-42e7-9f11-a616400bd709,9/6/2016
b2845968-017b-4657-b014-ae4b2b259499,12/15/2016
b292e22d-3f79-4256-a5a2-176809612f30,6/21/2017
b2cc3882-0ac6-49b7-8bfc-88d540b1d1b2,7/13/2016
b32eadf8-9898-471f-8220-2919c619f895,2/17/2017
b36b742b-53e7-46ff-9c53-f42ae68ce530,9/7/2016
b3ab7ef6-f796-4a33-a145-80f1336c2300,5/25/2016
b3d2f483-fd6f-43bd-af53-cde48da92760,12/14/2016
b400edab-60c0-4d77-bf6d-e258b45a9432,8/19/2016
b403dabf-06a2-4bc8-a3ad-d70de990c2e8,2/6/2017
b4658cc1-7407-40ba-b023-768e9a50867e,2/4/2017
b466f97f-b4ca-4bfc-a5bb-4bd4ac33d410,5/21/2016
b4999383-fafe-42a7-9031-acdc7288b196,4/10/2016
b4a2ce05-0c4c-425e-b7e4-d7a8b744c2ac,3/6/2017
b4b49205-0470-420b-9f16-cb30c4fab058,7/3/2016
b54dd36f-e73d-46a0-8c3f-6c5f3b00bbe1,9/6/2016
b5c60644-2cf6-4fac-8723-64c217d2f58c,5/23/2017
b5de2f99-43c1-47c4-9a88-c50f78e8d4b6,6/22/2017
b6605b20-5df1-4536-88ca-cd62bec691ec,12/19/2016
b6701f6a-e31c-4e71-8efe-e5058753d418,6/19/2017
b6cd6c69-8950-4070-bf2d-1c0aa33971a3,9/27/2016
b6d26fc1-a5cb-44c2-8ff5-9fab6e6371a0,6/7/2016
b6e43026-21f5-4f3d-b3b4-c844ebb4e200,6/9/2016
b6eccc45-1621-470c-9391-d6be231b3417,8/29/2016
b733f37b-4e9f-4537-bdf6-2954c978dc02,5/26/2016
b7458892-b2e3-4fd5-be79-1de736eb5abe,6/23/2017
b7d80604-2956-43fe-bb6f-43c78ab969d7,5/10/2017
b8496256-db57-469d-ba47-cd1f6b1a6a07,10/7/2016
b8853a2c-0dd4-4f39-9c88-40dfd4eefd85,10/24/2016
b8afc547-1b11-4c58-ab71-7c27ca2c9d07,6/30/2016
b8b43a9f-1023-48bb-b788-8bc439d3290e,5/23/2016
b8dc7728-91e9-45d9-9ada-e2eec3611e80,4/10/2016
b8ef770c-2cef-44aa-ab78-8d522fe70923,1/24/2017
b8fd2d68-5f18-4ac9-ae0d-89094dab81ff,3/20/2017
b902e395-f17e-4e15-aec2-bf07eba9d83c,4/4/2017
b980f1d3-18b4-4cfd-b4d9-07d2159cd3f4,2/22/2017
b98f5dd7-f186-45ce-adab-b033efe2923a,1/5/2017
b9ad01db-8c21-4f61-adc3-a5fe7bbdf588,3/3/2017
b9e44df1-510f-464d-a7be-b8e94ea63056,4/27/2017
ba103997-d23a-4394-935d-3d76fc3e1cce,6/23/2016
ba16f94a-4858-4af3-b7d7-b2c643114e9c,5/17/2017
ba1ec35f-074c-4d2b-a2ec-df08a289046f,8/29/2016
ba24e6eb-8ecd-4a2b-ba25-15f01fdc2851,4/10/2016
ba5fef14-6e1c-4a59-a230-9fc23dff5ace,6/5/2016
ba6d6ada-baa5-491f-a9b0-1ce5fee73025,5/28/2016
ba95a110-84d4-4d2b-8a61-14ceb07afd40,2/9/2017
ba9e201c-8268-422d-9907-a2588241bd59,7/25/2016
bac13d5c-ef0c-4fda-9e1b-4d136fbf1820,9/29/2016
bac6a87e-a739-4c98-96a8-8363b2aedfbe,8/23/2016
bad7d2f4-1109-43df-a2a6-7be29c2f6d7e,5/26/2016
bb0e2781-1dbd-437d-86f8-5ac01ec6ed0e,4/11/2016
bb1207b3-7a45-4770-b97a-1b6fbdb2decd,5/29/2016
bb19e95f-4b23-4f6a-921c-990a969bb6e7,5/26/2017
bb355c1d-0802-4803-a830-37a8ad0b8ef1,6/6/2016
bb3e55a2-39ba-416a-ad0c-2cb7ebd6a2e4,10/3/2016
bb416147-bfea-4fb8-aa6d-2448413cd098,5/25/2016
bb4bc304-2c9d-44dd-a99c-4f120db35cb5,6/1/2016
bb57ef74-adf9-49d2-9a04-1f0a71af31ba,5/24/2016
bb6ab006-7dbb-44ca-bd5f-9e2abadfb2b3,9/22/2016
bb7b5045-6550-40f4-9d6e-10625431aa4a,4/6/2016
bb8ae5cd-341d-4451-b1c2-a2a69ed75783,11/4/2016
bc0d551e-cccc-40ad-8906-c83ba69b8627,6/19/2016
bc39b616-90fe-43a7-af29-9a5742115e38,5/24/2016
bc45241b-620b-4250-b3a8-31290a423db9,4/2/2016
bc7bf0b3-e4ee-4464-9854-bf33f41c7a7e,10/11/2016
bc8d2552-290c-457e-a264-b70e61e07b3c,11/19/2016
bcb189c3-1750-46b6-88bb-93896948b6ec,2/6/2017
bcff1742-89b9-46c8-bdcb-4a4bfd63e808,10/7/2016
bd07718b-c449-4160-8ef0-b48ae9cd353e,6/19/2016
bd119d23-68a0-4e86-bd91-152b5e9c48b3,5/12/2016
bd18989e-0d5e-4c94-9ba1-e588f1170aa6,5/27/2016
bd7aa3c7-9f5e-400a-a32d-3a06466af26e,7/16/2016
bdb167e7-751a-413a-b00d-5259ca21390e,5/11/2017
bdb72226-5958-4242-824b-08aa852880ec,5/21/2016
be0efe33-621a-4ca5-a0b4-b9b04b2d7976,5/25/2017
be27fe89-3141-4c4a-b036-ff0d1b3b012a,4/11/2016
be65ae81-a8af-40de-96fd-fbe20a62315c,8/5/2016
be911146-ae3e-41e5-bae6-e5ee03c9d60a,4/27/2016
beb19b57-278f-4293-aafc-be60b7e45ae3,9/7/2016
bee79994-c289-4c24-82d0-fbfdb0e39a34,6/12/2016
bf04a503-1f62-4bdc-b70b-1a937444884b,6/19/2016
bfbfa39f-4419-4d2b-97ad-54d9e1dba384,9/23/2016
c0142034-f4de-4f4e-8058-8ff47258a036,7/9/2016
c024c47f-4f6e-49db-85c5-a247157df31d,5/17/2016
c032fafc-f55f-4d73-946f-e5658fcb5570,1/28/2017
c04d3893-2416-48e7-96c8-e5240ef1dc09,2/27/2017
c0c1ee42-f594-4bba-b37a-2194e629b94d,9/1/2016
c0c6013e-cf62-4356-b468-8a07730b1552,5/26/2016
c0e143a5-f9d9-41ab-ad03-e264d1bbf275,9/18/2016
c0f00761-553d-4b04-a8f9-319cefb1f557,5/23/2016
c0f1da95-2ed3-4829-9f2d-1c55023aa82c,8/23/2016
c1022ae3-5de2-4171-8f9d-37bb4eac09fb,5/23/2016
c1197246-9924-4530-a611-721ecb520c14,6/2/2016
c1222f0f-5ffd-41b4-a30c-e582f359ce75,6/24/2016
c16b97b8-5c8e-4ab4-8ee0-926a20b802de,5/25/2016
c23d6742-e9c4-4a14-9bad-7dd50f0e3ff5,8/13/2016
c28da9f0-f3ec-4199-8bf4-a45cf918bbc9,10/3/2016
c2eb934f-b1b3-45a4-82fb-d151618d1f02,5/23/2017
c2fe5c75-ee4f-459f-8060-0db2571c6cb7,4/13/2017
c32723b3-eca9-4256-bd1f-444a92bcf7a7,5/31/2016
c34a9725-8c9e-4d89-bc77-0f22f21c807e,5/21/2016
c35d77b8-c435-4842-bb95-ba6256baf3eb,7/12/2016
c368e7f2-047b-492e-98d4-6768553f6ea0,5/20/2016
c3a4e9ce-6e7c-44a2-bd23-c8b9da5c1916,6/17/2016
c3cc5423-bca4-4e21-8f29-e69422de02f9,4/24/2017
c457fef2-55fa-479d-b753-fd7acea128a2,6/12/2016
c49062b1-5c17-4fc3-8011-dc0085086d39,6/5/2017
c4d3ab03-2927-4b7b-a5b4-66a4bf0442cc,11/28/2016
c4f1ea51-b18f-422a-afb1-06211cb28901,7/17/2016
c5001990-a957-4878-8143-9a474974567a,12/11/2016
c539e0b3-3eb6-4c25-8c8d-8007c03d74e6,5/23/2016
c5445569-ed51-4c22-bc89-88346b7c9d11,7/16/2016
c5847638-825a-409d-b1ce-318025941a58,7/17/2016
c5ae41a3-f3b9-4e86-9781-15611a35035a,8/15/2016
c5eff939-baef-4824-81da-489e25cbb5c2,9/12/2016
c676f18d-6dfc-4441-9033-bc983456605e,2/21/2017
c6aeb182-b6e3-4338-b511-7e9d525d1aef,6/1/2016
c6ff03f9-ae94-4202-8902-ad18dcb529a9,4/7/2017
c704d799-0077-446f-aa1b-c492070f821a,7/16/2016
c712ba9c-1e36-46d4-883e-e96c0531af99,6/1/2017
c80756d6-ef54-4024-af9a-5af28c05ae52,7/5/2016
c81a7012-a84b-4782-8708-6115d26cdfc8,4/3/2017
c83958ec-492c-4dca-b4a2-b9250d11e5dc,5/26/2016
c84142a2-0b95-4b2d-ad52-6d02f4766a55,5/22/2017
c8609def-e431-412c-bde6-4a8d0c196ce8,4/30/2017
c901da77-907f-4d52-a155-dac61c189c0a,9/4/2016
c9319c20-3f50-4fe7-96aa-896a5005d4a8,7/27/2016
c94b6fe0-0e01-44cf-bb3e-f4d8662b8081,5/30/2016
c95b96f2-ffbf-4de2-a1fd-49349de7cc37,4/27/2017
c9d2badc-c3fb-4a43-9eb1-8b5c48f0d8c3,8/1/2016
ca19ccfb-b67e-446d-bfed-19eeb7e6e3ee,8/2/2016
ca35fc93-057a-43d6-8dfe-6b835956b240,5/21/2016
ca5c74ac-fdfc-45f4-957b-7d47dded2990,6/9/2017
ca5f1151-6399-425a-99bd-2d383250a7a2,5/26/2016
ca7cf583-0d72-4146-93da-477f0cb3d7a5,4/20/2016
caa340ce-df03-400c-82b4-bc0c52609bce,11/15/2016
caddf4fa-6569-4906-99ca-6e7726889204,1/26/2017
cb17a039-7bcd-4d49-b8ed-df2c31ea159a,3/16/2017
cb5e3dbb-8cd5-4231-ab3e-e2dfed6a4b9c,6/22/2016
cb668423-c54a-49d8-a7a6-7d9a5f5ae592,10/29/2016
cbf11a7b-a146-4d99-88c9-d1cf473a55a7,9/1/2016
cc62a5eb-712b-412c-9b44-0250374e099b,6/4/2016
cc6cdb53-4ec1-44b5-a4ae-4fd56eb6f826,6/14/2016
cc8cc775-bbc3-49c5-b63b-a70c705255fc,10/11/2016
cc9d2348-ba2f-45fc-9a97-6fb8e2fd94b6,6/3/2016
cd2cdda4-70c4-48f7-97b3-1b3211356a98,12/2/2016
cd2fef8b-d6ff-49ac-8524-24af0fdcf7c2,11/28/2016
cd571c09-cbbe-440f-adda-140ac8bc04ec,7/6/2016
cd87b5d4-aa9a-4887-943d-4579efe20e8e,10/10/2016
ce0417e2-ff39-46e8-85a8-f6f8d6058b46,5/22/2016
ce3f2723-dc7b-4f83-8477-1ac3302fbc2a,6/28/2016
ce765455-9d3c-4579-9b2a-fc0aab2f6ac8,5/27/2016
ce80209f-da6a-4689-a8f5-412c6cdbbafe,4/27/2017
cea77510-8e40-406f-8e9c-678023c5c489,5/27/2016
cf03f876-7027-4c76-ae55-7538e08c95af,5/18/2017
cf28fe10-96b3-4371-b454-5db698dda74a,5/25/2016
cfa93bd3-e8ee-40d0-8817-1c6c1771c262,7/28/2016
cff7f4dc-f658-4fb9-a4dc-a123141d4f1f,6/19/2016
cff90c84-3927-40b6-94de-62cbfa1e74a6,5/20/2016
d00955ce-958a-46bb-8cc7-56e1766cb6e1,4/7/2017
d02b7433-fe22-421c-9cef-bf81cfdfc6fd,6/7/2016
d0f05372-2999-469e-a311-c77096b32cbc,5/25/2016
d154e281-a94b-4102-8dc1-b5cd58d856a3,9/1/2016
d1610ed2-dadf-47b8-a370-7c18012d0fda,5/25/2016
d167effb-da4e-47d5-8aae-8f996f848631,2/26/2017
d16cd0ab-1142-4471-a9d6-8ecff6a2d563,3/28/2017
d1a5aa26-601d-43a9-bd41-c18d5f0e4082,9/1/2016
d297a3c6-9df6-4419-88b1-d34443cb1901,5/21/2016
d2b13e0d-cd83-4366-8912-a8c0bd9790d5,4/11/2016
d2e38b7d-9005-4fbc-8744-788f0867771f,8/8/2016
d2f7bbe5-c42d-4ccd-ba78-629a8077097f,4/17/2016
d3bfcbf0-e17f-4802-933c-9f444e26f591,6/1/2016
d46424d9-d8c2-4116-8142-5fc0d66f6505,1/5/2017
d49c573c-f5c1-4853-bd92-00febea471a7,2/4/2017
d4b01e56-7548-44e7-b1e2-88df2aa2dbf7,5/22/2017
d4d6f331-fa3d-4194-848e-a25cdea02175,2/8/2017
d4db383a-562e-407c-a996-0f57fbcd3987,4/10/2017
d4de80d7-7fcf-43fb-bf8f-140bb1ef9363,6/27/2016
d4ee5402-63a3-45ec-8098-040ce93a9f3f,12/26/2016
d5611f1c-2041-4ffb-8632-9af756582451,6/6/2016
d58ead71-59cf-47de-bf2e-26fc107716b6,2/4/2017
d5979235-1669-4537-8e7e-4666784d5c91,8/25/2016
d5a423de-9ba4-4bdd-9b99-0d75736eb092,3/21/2017
d5b81b35-6b38-4f73-a955-6da563debd28,6/12/2016
d5ca6324-564f-4441-8552-a90a64ef3a72,6/1/2017
d5db2b6a-fc5f-4fbc-8e57-15e0d98c626b,6/8/2016
d60e1135-3b13-4dab-9355-c869d9ba53db,7/1/2016
d673fa68-4980-413a-b8e8-1663b3ac4bb4,5/24/2016
d6c6068a-a2e1-4532-b6e0-535aa7520aa7,6/2/2016
d6e104d6-77be-4f43-b73b-5f9c9fda6a10,5/31/2016
d7019fca-07b2-496a-8084-87aaafdad7a2,2/23/2017
d73343b1-0c76-43ca-9883-aadad421b730,6/6/2016
d764b577-e05b-4324-bcc7-2e7ccb447ca9,10/18/2016
d768ff75-c468-44c4-b52b-678e8fdf96af,1/16/2017
d7ed260d-eedd-47bb-a1b9-78d938870ece,10/25/2016
d803831a-94df-4f6e-8872-c8b12a465aad,6/18/2016
d83b91b5-57c2-43a8-8d38-df9b7097f1a7,6/13/2016
d84af922-7c81-4beb-896b-8cc4e828319f,5/23/2016
d87384e2-9153-46ce-9590-456d38c15b83,4/7/2017
d878f4aa-f75e-4081-917b-5b30907a1815,8/12/2016
d88b03b6-7a75-414e-a59f-e0c785331b77,8/4/2016
d8a02d69-d344-4730-a1d2-1cb19e7d0004,2/22/2017
d8e09a36-5325-4236-a62d-32bd2f59da4c,4/15/2017
d9425c93-ce7f-4797-85dc-0e286c9fc0a9,3/27/2017
d95fff48-d2d7-4e28-8e39-3e3b14e5c720,6/7/2017
d96f5d2f-5cff-4ee0-80ac-b1c2b8de2718,5/24/2016
d9d5c7e9-273e-4342-b435-849de9263d1a,6/10/2016
d9fe24be-1833-401f-a3af-ace47cb3c21d,12/7/2016
da1e71bb-1c1e-4b43-8477-38319c2af98d,3/31/2017
da349b61-6edf-4cc5-bbb2-45e7f418c1e9,4/8/2016
da5a7286-106c-4153-8f9f-a9e313779c20,8/2/2016
da633ae1-c155-4906-9d30-db54a746f27a,9/1/2016
da6e072f-3398-41ca-aecf-e5aab4a419ff,5/23/2016
daa19472-6738-426c-aafe-23dabf3e824f,3/8/2017
daca66fd-dab4-4b49-9bc7-7e08ba42796c,5/30/2016
db093b40-bc57-4c5b-bae2-98a33c7999dd,6/8/2016
db16e5be-64ff-4642-b4d2-95349ed829e8,9/8/2016
db1c5618-8be3-456a-a800-4ec86e157525,8/29/2016
db74d081-a4cd-44e3-9f23-5aa674724924,2/22/2017
dc0728f1-d986-403d-b065-c8b6015dc53f,4/17/2017
dc4d95fe-79c2-4d9d-884e-b0baa278c2c2,7/4/2016
dc5c8bbe-a87f-4eb0-917d-1df8f1b2ffa6,6/8/2016
dc7c19ba-fe50-4b22-a8fc-48a8640907fb,5/24/2016
dca5a52d-3246-4cb1-9b7d-37b03f3ca748,6/19/2017
dcb1bb85-a925-485c-9392-a8ec53d36792,9/25/2016
dcd3e882-324d-4a43-9149-6e802ccef0f3,12/7/2016
dcdf113f-518d-4b56-99ab-2e7e4045a936,5/10/2017
dcfcdf1d-300f-4279-835d-04cd2ad482df,6/1/2016
dd174527-05f3-47ec-937e-55ea9935ec6b,5/20/2016
dd9f5d3a-33de-4103-981e-57569cd7a0e6,9/12/2016
dda3622e-a2d1-42a5-a8f8-aaf73cfcf6f1,8/24/2016
ddb99679-8b39-421c-9ee9-ba5775c5eda6,11/11/2016
ddd38d2d-e856-4abd-85d6-949c2b463b74,5/3/2016
dde0b54a-0597-40ea-8fcf-231df9c1e7dd,12/4/2016
dde1a10d-cbdf-4fe5-a06f-bc8beedcb0e7,6/20/2016
ddf35f19-301d-47c2-b979-ca5c30f3eeb5,2/12/2017
de4ed069-9d83-4148-a21f-f59bab069c64,6/28/2016
de60ab67-a29a-4da8-a418-7717abb865ed,2/24/2017
dec83820-9d4c-416b-979c-cb64d2ddc804,5/21/2016
decabd19-eac7-4b42-a75b-8fa5752221a6,10/7/2016
dee2ad14-fb83-45d9-9370-666f6874c08c,8/20/2016
df1d3ada-b67a-4d8b-87e7-67177e9e8e50,6/22/2016
df9ff6bf-3923-4d08-b579-276bc745ddc5,5/25/2016
e0059ace-1969-4521-9b2f-06d7e8d48da2,10/17/2016
e02c7646-ae97-4365-93a4-c512793665ec,12/22/2016
e03c4f99-2a7c-4456-8876-9c6abb77ef0b,1/8/2017
e0428bab-9f29-48a4-93bf-ea1bb0d05334,11/11/2016
e055c16d-b1c0-430f-9d03-25e331fc0c03,5/21/2016
e06d3303-d2cb-46f6-b091-d36df71c40e2,11/8/2016
e0701d3e-e2ac-463f-a391-3be0269bf7bc,8/25/2016
e09ce625-b952-4334-b0f5-d8ecb03837c6,8/16/2016
e1a3a920-5912-4e2c-90ed-c9eb7b72648f,5/12/2017
e1d95380-d594-47a3-85ec-2a8e877c39f3,6/27/2016
e1dcd311-200e-4689-b6c1-9f9123731288,5/31/2016
e259e867-755f-449d-ba14-4de03ca51547,6/22/2016
e25ced55-2c72-421f-86a8-bb4d1bb8ee86,10/6/2016
e263161e-6c4d-43ad-9c92-e3880cb62451,8/24/2016
e265bce0-8e7d-4076-bb5f-0a0ad19e78ca,6/1/2016
e2af55a3-b371-4dc1-b2c3-2b9ec139a9e1,4/7/2017
e3031716-14b5-47bc-86a0-9c0735bdca14,5/2/2017
e34b9ac1-28b9-4ff0-8fa7-a119ff5db9ed,4/15/2017
e393fa92-402d-4d4b-bbb4-a54e5b34d2f5,5/5/2016
e3b27ebd-c909-48c2-8ee4-a5ac2c95fc48,5/4/2016
e3ee092f-c324-4958-ad0f-4e8cc456f981,2/12/2017
e3f9891c-2909-4318-a8c6-ffbf69ad39fb,5/9/2017
e400d468-bd7e-4b2e-9d5a-9a18fd5715b2,9/14/2016
e40b3e5d-beb2-4a0b-bdbd-a9ce10680630,5/31/2016
e442b201-acce-4e68-9110-c8e79eeafcf2,5/20/2016
e442e875-6041-4e21-b321-e2f3c855ae57,8/17/2016
e4d8158f-fab7-4d4a-83c6-447542c771cc,10/12/2016
e4e09638-e832-4477-b389-779e2ddb9762,6/20/2016
e51d9232-7072-4854-88bd-0f5ac9212004,5/29/2016
e547e976-f949-439c-8bca-1fc6784c5665,6/23/2016
e55be10a-0f10-4849-b0bf-94d12ddad4dc,8/27/2016
e5606341-3136-4259-bc7a-1519dca337f9,5/30/2016
e56b9d1a-1055-4eb0-b527-f4c8fee240bc,4/7/2016
e5bfc71d-7f86-4261-b629-acff88946dd0,5/26/2016
e640d314-c500-4756-84d4-43e89b3c08bb,6/9/2017
e66b4fc6-a183-4287-b6a4-bec5b5dfe2d5,4/27/2017
e67d747d-11c3-446e-a279-3fe43b47bdb5,9/8/2016
e6ea7f04-e7a0-4020-9a8b-110430144c64,6/7/2016
e7ab3046-f107-49d0-b998-fd9a46f3c6a6,3/24/2016
e806b814-25b5-42d4-baf0-a17c39c78e8e,6/14/2016
e8626abc-c0ed-435b-a011-39a138ff7aed,6/14/2016
e87d2982-cd14-4c92-a7a8-36bee5b41843,9/22/2016
e881ef54-66ed-40d3-aac6-4fc705482e22,5/22/2016
e8a3baea-37b6-4236-84ee-f75f7e241ef1,4/12/2016
e8b20103-96d5-40d5-b294-cc39cd586bae,7/22/2016
e8b269e6-7209-4c0b-9494-29608ec0c08c,7/1/2016
e8c68360-1c38-4dc1-a538-ee08d023c672,6/8/2016
e926c1ab-896e-4cb0-aadc-9356188b779a,1/8/2017
e9c59043-14f8-4eee-bc27-5f638c1f681e,1/16/2017
e9e2e60e-af35-44d8-9e71-07366ccc69d3,5/20/2016
ea202ca3-df9d-44de-9f7e-607ce0462815,4/11/2016
ea33f2ac-cea9-41dc-bf81-994c89fbd0fa,12/4/2016
ea46b61b-bcae-4cfb-b6a8-068871b6317a,5/23/2016
ea4cd8ed-c41b-4e13-b77a-c8d590168159,5/25/2016
eaa4b918-050e-4211-90e5-fe88f6bad86f,6/15/2016
eb1f20d7-a0a6-4066-83e7-f92db22ec2c2,4/7/2016
eb2b05f1-33af-4f9d-9a57-c47bd11c46a6,6/5/2016
eb2c66cd-ade2-495c-9f8d-fa10eb9b0036,4/12/2016
eb3ea9aa-77a2-4bce-916d-e138a90649eb,8/24/2016
eb55868c-09c1-4cf2-9303-62c2f09147f0,7/12/2016
eb716753-b231-4dad-89fa-e5bf19fe7f2d,6/22/2016
eba2fcbe-4431-4a45-bd16-37f0f4b2e658,5/20/2016
ebdd359c-b23b-4e41-bc58-e5958f2632d5,6/16/2016
ebe450c2-a6eb-4abd-91de-55895874176d,1/4/2017
ebf8009c-7523-4f92-89ba-867d2d3976da,9/28/2016
ec4dceae-99ef-4a3f-b706-a512152bc389,7/10/2016
ec5b6a0c-7523-4d8a-83d8-4c9d08921d78,6/23/2016
ec7f1881-295f-4ddf-bfa3-d5b6c6910ecf,7/31/2016
ec82e3cc-04db-4e2b-aafe-dd10f6d59ff1,9/27/2016
ec9979fa-7b88-45a2-a88f-3b64de5e3d45,6/17/2016
ecb3ac2f-b0f4-4d6b-8f28-43f9a427227e,12/26/2016
ed594e6f-558d-4fe4-8b31-b6aa647e3ea0,12/13/2016
ed832ab7-bdc3-4937-84bc-9233436c3f5b,1/11/2017
eda126d3-595e-41d3-af42-96300305c68c,5/31/2016
edacac67-7efe-410b-8e6b-5e46ff4deabe,2/18/2017
edd81e1f-42eb-4204-9d1e-97a8196929b9,4/28/2017
eddf4a39-d6db-4411-9ad8-042653efa780,7/8/2016
ee06aaca-32f4-45c7-8621-f1e888a5f116,5/16/2017
ee8b259b-dd44-4192-b0ef-99e17d36fbee,4/22/2017
ee8b7579-90e7-454d-9cbb-ebf8f5760fea,3/8/2017
eeb2d145-06e4-4b82-a994-148ca00fa77d,5/18/2016
eebe4cbf-81ce-4d55-a4c8-1f1642d81309,5/31/2017
ef2c8f7b-a1e5-41e2-abe6-fea8e5f7c47b,5/7/2017
ef326bf1-8545-436f-b44d-ca2510a84a5c,9/21/2016
ef37d43e-35d7-417d-8c79-daea64323a0d,6/28/2016
ef49a078-8f3b-4fd3-a7eb-c30bfe803909,6/9/2016
ef4a573a-43c4-4221-9445-b41d142238e5,6/20/2017
ef667163-1b06-4030-bda0-ba652fbcd958,11/3/2016
ef6cb96c-4673-4404-9d98-188ddd2298d2,5/24/2016
efb156c7-e7f1-4676-ae3f-95b426be211d,7/10/2016
f03e8847-f281-4a94-929c-5c085acb539e,5/13/2017
f0472baf-6a7f-467b-82a4-1fed816aa032,5/23/2016
f053d7ae-0e59-4995-819f-bc7d7b974762,9/30/2016
f0610d2e-a0cf-4e2e-95cf-83df47ca9acd,5/30/2016
f07cfaf3-5c22-4c9d-9c9b-097ea720322d,2/27/2017
f0d331cf-177b-4e9c-bd1c-135e232a6536,12/9/2016
f0da871b-f191-4106-b170-e26cc32e7108,2/14/2017
f0ea56ef-f7d7-4199-b8b8-3d368172f5cb,5/31/2016
f100f204-d33d-43c8-b7c6-9f2fd15a1b05,7/15/2016
f1c1cb1e-f675-4e03-9f05-3022cf5d9546,5/24/2016
f1d50892-c8f3-415f-bd06-a370fe85f1f8,5/25/2016
f1fc3dd2-3427-4605-b495-663f147d6b3b,8/1/2016
f1fde72f-cc51-45ae-a69f-cf100db8d464,5/23/2017
f20f5884-afa9-451a-be26-36152fad56cb,5/21/2016
f26eb537-a8d5-40c8-bc8d-e5d233f7d6c9,6/7/2016
f2cbbc45-720f-44de-9d95-6cc4161a3b77,1/11/2017
f2deb1eb-0e1e-47c1-aa9d-972191265d19,5/20/2016
f329ad2f-02c8-4997-ab5f-b5a7ce72bd89,10/14/2016
f32b6335-9ecd-40cc-ad2d-836c0392d49c,7/25/2016
f330240a-916b-4d4d-b1f5-405f23f467ac,5/16/2016
f3519e07-3d41-45d6-899f-f32c57ca9404,6/14/2016
f36f5f71-64fe-4a70-a1d1-687c9593370c,2/2/2017
f389d6a8-4c9b-44a9-8682-a94ea6f9e521,12/7/2016
f3aa0c21-ebde-47a4-ad2f-0e6ad99c5712,12/26/2016
f48a692d-f76f-49a4-8d83-2a54acc17cdd,6/1/2016
f4fc674f-1927-4824-aefa-6ec0d936a97a,7/16/2016
f50588a0-48d3-490e-ab5c-516a77eebe22,5/20/2016
f57a9809-9ff2-45cf-b40b-ac24a8c20801,4/6/2017
f5a713c6-9256-449d-bcde-992512c10749,5/24/2016
f6053acd-bae6-47a2-bcc3-5ae7c36ee94d,11/21/2016
f61b4671-c509-4b6b-a470-dcaac29325a7,1/18/2017
f62935ed-fbf3-4f71-a0ef-2424db72d72d,6/18/2016
f6417e0f-859a-41c7-9977-a858aabe822a,7/28/2016
f64be69b-df62-4d41-934e-a0575d9a27e1,3/28/2016
f65a6354-f4c9-4a6c-b93c-c56c43f747a8,5/27/2016
f6bcc900-ccd2-4765-9a17-b937c925de60,5/21/2016
f748a9e6-34ee-423c-80d7-ea8be9e893b9,5/20/2016
f74a9746-e0c2-4fe8-9f98-39c15e8c9cb9,2/20/2017
f86bc288-4ed4-4900-bd73-379ee2ca11d9,2/1/2017
f891f117-9232-40be-85f4-d3ad4b8e3d32,1/24/2017
f8a916e7-1cf5-49c2-91b5-81c31d763964,9/5/2016
f8f283f6-a095-447c-8c08-8854fd79ea5e,4/11/2016
f8f70ef6-d06f-4d08-8c72-9b163cbdc610,9/4/2016
f915e207-1a71-463e-bf32-4878adbe6cb8,5/25/2016
f91bec22-0f22-4344-a7dd-dcba7fcb6569,6/7/2016
f948783e-8345-4d2a-b4c0-a2de140c57b7,6/7/2016
f95aecb7-c4f0-4de2-beca-b65ae3accad6,7/8/2016
f9654c2d-3bdd-4786-9ad1-3eec4253bc69,1/15/2017
f966fa3b-64fa-4ada-ad62-4d74932805c1,2/26/2017
f980126d-2ce8-4423-9181-053eaff653ca,3/30/2017
f993c1d3-a81e-46da-ac7a-38dd3578d9ee,7/24/2016
facbe8dd-3c72-434d-a08e-765d16757313,4/11/2016
fad977f7-46dc-42db-a7ce-14be03a5e5f2,10/1/2016
fb9ea576-86c2-4c75-9c45-ed79007034e0,6/25/2016
fba1e101-3e4b-4d30-b74d-0c31aabca306,5/29/2016
fbb53ee3-81ec-4033-bddf-8354e81b9530,12/29/2016
fbb5e671-4f9f-41e6-8532-b3ec9398b3b8,5/4/2017
fbc2c8ac-684e-49f3-a2c8-c508c1e58dc9,7/9/2016
fbcdc61d-4dea-4549-b699-d93c4c767317,5/25/2016
fbe86820-b97b-40d2-9978-f67dd885def9,4/13/2017
fbf53a86-b7bb-44e7-833f-4b7d2de97d88,6/14/2016
fc1fd371-c00a-4fb8-9eda-5ea9de8510bc,1/4/2017
fc33e68d-8dd2-4209-a702-94f9e23477c9,5/26/2016
fc554e1d-840e-42e3-b440-10c324ccb264,6/5/2016
fcb47a8d-1bca-488c-9499-5525efcfc06c,5/13/2017
fcd3c341-1f0c-4e78-89fa-23d2ef8fa6ec,2/23/2017
fce44b17-886d-4e48-8d83-18f8aec0d003,6/1/2017
fcf9e2f2-4a39-4247-9b28-f5dedeeabe24,8/23/2016
fcfc70d5-dd3c-48ba-a1d8-f358c71ecb98,2/22/2017
fd352729-e7eb-43a0-99bc-4eaf7bc4b531,5/24/2016
fd4c209c-a69a-4dba-817a-0680770e77fe,5/20/2016
fd5580c0-fe91-4dfc-98eb-21c13e6ebdcb,5/20/2016
fdb2a080-39dd-4800-9e96-4943d3b33635,4/28/2017
fdf09dcd-fb99-426f-a2e4-1492f3507fdf,5/23/2016
fdf2eed5-00f0-493f-a3d2-a39c796b75f9,10/7/2016
fdf9d196-4ae4-476f-b571-73aff7cb9edf,5/24/2016
fdfd0417-03df-45ff-95f9-74fdbf79c245,7/18/2016
fe3e4d1d-b612-4e19-b366-315ddc306376,12/3/2016
fe7ee463-0055-42e4-a9c8-b754996635f7,8/23/2016
fe8ac6f2-a1f1-4ffc-96da-7afb58211896,7/26/2016
feaa4d50-e22d-4976-8dc9-badd5868ca42,7/15/2016
ffab136f-07d8-4b90-b5bd-339d6fb736b9,4/3/2016
ffac3289-b278-4813-981f-91e4689fcc88,11/2/2016
